STATION,NAME,Station,DATE,AWND,PGTM,PRCP,SNOW,SNWD,TAVG,TMAX,TMIN,WDF2,WDF5,WSF2,WSF5,WT01,WT02,WT03,WT04,WT05,WT06,WT08,WT09
USW00093738,"WASHINGTON DULLES INTERNATIONAL AIRPORT, VA US",WAS,2024-01-01,7.16,,0.01,0,0,40,43,35,320,320,15,21.9,,,,,,,,
USW00093738,"WASHINGTON DULLES INTERNATIONAL AIRPORT, VA US",WAS,2024-01-02,10.74,,0,0,0,39,45,32,290,320,18.1,28,,,,,,,,
USW00093738,"WASHINGTON DULLES INTERNATIONAL AIRPORT, VA US",WAS,2024-01-03,3.13,,0,0,0,38,48,27,190,210,10.1,15,,,,,,,,
USW00093738,"WASHINGTON DULLES INTERNATIONAL AIRPORT, VA US",WAS,2024-01-04,9.62,,0,0,0,39,45,31,310,330,23,34,,,,,,,,
USW00093738,"WASHINGTON DULLES INTERNATIONAL AIRPORT, VA US",WAS,2024-01-05,3.8,,0,0,0,32,42,20,340,360,14.1,19.9,,,,,,,,
USW00093738,"WASHINGTON DULLES INTERNATIONAL AIRPORT, VA US",WAS,2024-01-06,7.38,,0.97,0,0,33,38,26,300,60,17,23.9,1,,,,,,,
USW00093738,"WASHINGTON DULLES INTERNATIONAL AIRPORT, VA US",WAS,2024-01-07,8.5,,0,0,0,38,51,30,300,300,25.9,36,1,,,,,,,
USW00093738,"WASHINGTON DULLES INTERNATIONAL AIRPORT, VA US",WAS,2024-01-08,6.71,,0,0,0,41,49,30,310,310,15,21,,,,,,,,
USW00093738,"WASHINGTON DULLES INTERNATIONAL AIRPORT, VA US",WAS,2024-01-09,12.3,,1.76,0,0,42,59,38,140,130,31.1,50.1,1,,,,,,,
USW00093738,"WASHINGTON DULLES INTERNATIONAL AIRPORT, VA US",WAS,2024-01-10,10.51,,0,0,0,50,55,39,270,270,19.9,30,,,,,,,,
USW00093738,"WASHINGTON DULLES INTERNATIONAL AIRPORT, VA US",WAS,2024-01-11,6.04,,0,0,0,41,54,28,210,200,17,23.9,,,,,,,,
USW00093738,"WASHINGTON DULLES INTERNATIONAL AIRPORT, VA US",WAS,2024-01-12,7.61,,0.75,0,0,39,50,27,130,120,21,32,1,,,,,,,
USW00093738,"WASHINGTON DULLES INTERNATIONAL AIRPORT, VA US",WAS,2024-01-13,10.96,,0.13,0,0,47,49,28,290,230,31.1,46.1,1,,,,,,,
USW00093738,"WASHINGTON DULLES INTERNATIONAL AIRPORT, VA US",WAS,2024-01-14,11.41,,0,0,0,34,46,27,290,290,31.1,42.9,,,,,,,,
USW00093738,"WASHINGTON DULLES INTERNATIONAL AIRPORT, VA US",WAS,2024-01-15,2.24,,0.31,4.1,1.2,27,29,24,290,350,14.1,17,1,1,,,,,,
USW00093738,"WASHINGTON DULLES INTERNATIONAL AIRPORT, VA US",WAS,2024-01-16,10.51,,0.03,0.3,3.9,28,30,17,300,300,32,40.9,1,,,,,1,,1
USW00093738,"WASHINGTON DULLES INTERNATIONAL AIRPORT, VA US",WAS,2024-01-17,7.16,,0,0,3.1,20,30,8,300,300,17,23,,,,,,,,
USW00093738,"WASHINGTON DULLES INTERNATIONAL AIRPORT, VA US",WAS,2024-01-18,1.34,,0,0,2,22,35,11,160,170,8.9,13,,,,,,,,
USW00093738,"WASHINGTON DULLES INTERNATIONAL AIRPORT, VA US",WAS,2024-01-19,8.72,,0.35,4.9,5.1,30,32,21,310,310,21,25.9,1,,,,,,1,
USW00093738,"WASHINGTON DULLES INTERNATIONAL AIRPORT, VA US",WAS,2024-01-20,15.21,,0,0.2,5.9,23,26,12,300,290,30,38.9,,,,,,,,
USW00093738,"WASHINGTON DULLES INTERNATIONAL AIRPORT, VA US",WAS,2024-01-21,13.42,,0,0,5.1,23,32,17,310,300,31.1,40,,,,,,,,
USW00093738,"WASHINGTON DULLES INTERNATIONAL AIRPORT, VA US",WAS,2024-01-22,4.47,,0,0,3.9,23,39,7,190,210,14.1,17,,,,,,,,
USW00093738,"WASHINGTON DULLES INTERNATIONAL AIRPORT, VA US",WAS,2024-01-23,1.34,,0,0,3.1,32,48,20,140,130,8.9,12.1,,,,,,,,
USW00093738,"WASHINGTON DULLES INTERNATIONAL AIRPORT, VA US",WAS,2024-01-24,1.12,,0,0,1.2,40,47,35,140,150,8.9,13,1,,,,,,1,
USW00093738,"WASHINGTON DULLES INTERNATIONAL AIRPORT, VA US",WAS,2024-01-25,5.59,,0.14,0,0,55,67,45,200,200,12.1,17,1,1,,,,,1,
USW00093738,"WASHINGTON DULLES INTERNATIONAL AIRPORT, VA US",WAS,2024-01-26,8.95,,0.03,0,0,68,79,56,180,180,17,25.1,,,,,,,,
USW00093738,"WASHINGTON DULLES INTERNATIONAL AIRPORT, VA US",WAS,2024-01-27,3.8,,0.2,0,0,54,61,41,90,80,14.1,23,1,,,,,,,
USW00093738,"WASHINGTON DULLES INTERNATIONAL AIRPORT, VA US",WAS,2024-01-28,8.05,,1.32,0,0,46,47,42,60,50,16.1,23,1,,,,,,1,
USW00093738,"WASHINGTON DULLES INTERNATIONAL AIRPORT, VA US",WAS,2024-01-29,13.65,,0,0,0,43,47,37,340,310,25.1,38,,,,,,,,
USW00093738,"WASHINGTON DULLES INTERNATIONAL AIRPORT, VA US",WAS,2024-01-30,6.04,,0,0,0,40,44,38,120,150,13,18.1,,,,,,,,
USW00093738,"WASHINGTON DULLES INTERNATIONAL AIRPORT, VA US",WAS,2024-01-31,2.24,,0,0,0,39,43,29,60,60,8.1,10.1,1,,,,,,,
USW00093738,"WASHINGTON DULLES INTERNATIONAL AIRPORT, VA US",WAS,2024-02-01,3.58,,0,0,0,38,55,27,220,230,10.1,16.1,,,,,,,,
USW00093738,"WASHINGTON DULLES INTERNATIONAL AIRPORT, VA US",WAS,2024-02-02,9.62,,0,0,0,47,50,41,350,350,19.9,29.1,,,,,,,,
USW00093738,"WASHINGTON DULLES INTERNATIONAL AIRPORT, VA US",WAS,2024-02-03,5.82,,0,0,0,43,52,30,20,10,18.1,23.9,,,,,,,,
USW00093738,"WASHINGTON DULLES INTERNATIONAL AIRPORT, VA US",WAS,2024-02-04,2.24,,0,0,0,38,54,26,20,60,10.1,13,,,,,,,,
USW00093738,"WASHINGTON DULLES INTERNATIONAL AIRPORT, VA US",WAS,2024-02-05,6.26,,0,0,0,38,52,26,20,340,14.1,19,,,,,,,,
USW00093738,"WASHINGTON DULLES INTERNATIONAL AIRPORT, VA US",WAS,2024-02-06,7.16,,0,0,0,38,46,26,350,350,16.1,21.9,,,,,,,,
USW00093738,"WASHINGTON DULLES INTERNATIONAL AIRPORT, VA US",WAS,2024-02-07,2.01,,0,0,0,36,53,23,350,360,6.9,12.1,,,,,,,,
USW00093738,"WASHINGTON DULLES INTERNATIONAL AIRPORT, VA US",WAS,2024-02-08,5.14,,0,0,0,40,59,27,200,210,13,17,,,,,,,,
USW00093738,"WASHINGTON DULLES INTERNATIONAL AIRPORT, VA US",WAS,2024-02-09,6.04,,0,0,0,50,67,41,180,,8.9,,,,,,,,,
USW00093738,"WASHINGTON DULLES INTERNATIONAL AIRPORT, VA US",WAS,2024-02-10,4.7,,0,0,0,55,65,48,210,220,14.1,21.9,,,,,,,,
USW00093738,"WASHINGTON DULLES INTERNATIONAL AIRPORT, VA US",WAS,2024-02-11,3.36,,0.14,0,0,53,56,47,30,30,14.1,16.1,1,,,,,,,
USW00093738,"WASHINGTON DULLES INTERNATIONAL AIRPORT, VA US",WAS,2024-02-12,4.25,,0.15,0,0,48,49,44,100,90,12.1,17,1,,,,,,,
USW00093738,"WASHINGTON DULLES INTERNATIONAL AIRPORT, VA US",WAS,2024-02-13,12.08,,0.81,0.6,0,42,47,34,310,330,28,38,1,,,,,,,
USW00093738,"WASHINGTON DULLES INTERNATIONAL AIRPORT, VA US",WAS,2024-02-14,8.5,,0,0,0,40,46,28,320,320,21,29.1,,,,,,,,
USW00093738,"WASHINGTON DULLES INTERNATIONAL AIRPORT, VA US",WAS,2024-02-15,6.04,,0,0,0,37,52,23,190,190,21,30,,,,,,,,
USW00093738,"WASHINGTON DULLES INTERNATIONAL AIRPORT, VA US",WAS,2024-02-16,10.51,,0,0,0,44,50,38,310,300,29.1,46.1,,,,,,,,
USW00093738,"WASHINGTON DULLES INTERNATIONAL AIRPORT, VA US",WAS,2024-02-17,12.53,,0.13,1.1,1.2,37,41,25,300,290,29.1,36.9,1,,,,,,1,
USW00093738,"WASHINGTON DULLES INTERNATIONAL AIRPORT, VA US",WAS,2024-02-18,7.61,,0,0,0,33,51,20,220,210,18.1,30,,,,,,,,
USW00093738,"WASHINGTON DULLES INTERNATIONAL AIRPORT, VA US",WAS,2024-02-19,3.58,,0,0,0,39,50,25,340,330,12.1,16.1,,,,,,,,
USW00093738,"WASHINGTON DULLES INTERNATIONAL AIRPORT, VA US",WAS,2024-02-20,3.58,,0,0,0,36,50,23,110,110,12.1,16.1,,,,,,,,
USW00093738,"WASHINGTON DULLES INTERNATIONAL AIRPORT, VA US",WAS,2024-02-21,3.58,,0,0,0,38,51,25,150,150,12.1,17,,,,,,,,
USW00093738,"WASHINGTON DULLES INTERNATIONAL AIRPORT, VA US",WAS,2024-02-22,6.71,,0.04,0,0,40,51,32,340,340,16.1,21,1,,1,,,,,
USW00093738,"WASHINGTON DULLES INTERNATIONAL AIRPORT, VA US",WAS,2024-02-23,4.03,,0.05,0,0,44,52,36,350,350,14.1,18.1,1,,,,,,1,
USW00093738,"WASHINGTON DULLES INTERNATIONAL AIRPORT, VA US",WAS,2024-02-24,9.17,,0,0,0,44,50,32,310,300,19.9,28,1,,,,,,,
USW00093738,"WASHINGTON DULLES INTERNATIONAL AIRPORT, VA US",WAS,2024-02-25,5.82,,0,0,0,36,49,21,210,160,15,19.9,,,,,,,,
USW00093738,"WASHINGTON DULLES INTERNATIONAL AIRPORT, VA US",WAS,2024-02-26,5.82,,0,0,0,49,69,33,150,200,12.1,17,,,,,,,,
USW00093738,"WASHINGTON DULLES INTERNATIONAL AIRPORT, VA US",WAS,2024-02-27,9.62,,0.01,0,0,54,63,40,190,190,23,32,,,,,,,,
USW00093738,"WASHINGTON DULLES INTERNATIONAL AIRPORT, VA US",WAS,2024-02-28,18.12,,0.12,0,0,61,65,39,300,300,36.9,59.1,1,,,,,,,
USW00093738,"WASHINGTON DULLES INTERNATIONAL AIRPORT, VA US",WAS,2024-02-29,13.65,,0,0,0,42,50,31,300,300,25.9,36.9,,,,,,,,
USW00093738,"WASHINGTON DULLES INTERNATIONAL AIRPORT, VA US",WAS,2024-03-01,6.49,,0.09,0,0,40,54,24,150,150,17,25.1,,,,,,,,
USW00093738,"WASHINGTON DULLES INTERNATIONAL AIRPORT, VA US",WAS,2024-03-02,6.93,,0.46,0,0,46,55,40,320,350,14.1,19,1,,,,,,,
USW00093738,"WASHINGTON DULLES INTERNATIONAL AIRPORT, VA US",WAS,2024-03-03,2.46,,0,0,0,50,65,38,210,210,12.1,15,1,,,,,,,
USW00093738,"WASHINGTON DULLES INTERNATIONAL AIRPORT, VA US",WAS,2024-03-04,5.82,,0.1,0,0,56,69,46,100,110,15,21.9,1,,,,,,,
USW00093738,"WASHINGTON DULLES INTERNATIONAL AIRPORT, VA US",WAS,2024-03-05,6.71,,0.55,0,0,54,58,49,360,20,16.1,21.9,1,,,,,,,
USW00093738,"WASHINGTON DULLES INTERNATIONAL AIRPORT, VA US",WAS,2024-03-06,5.82,,0.23,0,0,53,57,50,340,340,14.1,18.1,1,1,,,,,,
USW00093738,"WASHINGTON DULLES INTERNATIONAL AIRPORT, VA US",WAS,2024-03-07,8.05,,0.02,0,0,57,66,45,10,360,21,27.1,1,,,,,,,
USW00093738,"WASHINGTON DULLES INTERNATIONAL AIRPORT, VA US",WAS,2024-03-08,6.71,,0,0,0,52,61,44,140,140,18.1,25.1,,,,,,,,
USW00093738,"WASHINGTON DULLES INTERNATIONAL AIRPORT, VA US",WAS,2024-03-09,7.61,,0.99,0,0,47,50,43,330,330,18.1,23.9,1,,1,,,,,
USW00093738,"WASHINGTON DULLES INTERNATIONAL AIRPORT, VA US",WAS,2024-03-10,20.13,,0,0,0,45,48,38,300,300,36.9,53,,,,,,,,
USW00093738,"WASHINGTON DULLES INTERNATIONAL AIRPORT, VA US",WAS,2024-03-11,16.33,,0,0,0,44,56,37,310,290,32,45,,,,,,,,
USW00093738,"WASHINGTON DULLES INTERNATIONAL AIRPORT, VA US",WAS,2024-03-12,7.38,,0,0,0,55,75,34,290,290,21.9,30,,,,,,,,
USW00093738,"WASHINGTON DULLES INTERNATIONAL AIRPORT, VA US",WAS,2024-03-13,1.57,,0,0,0,56,74,38,230,270,8.9,13,,,,,,,,
USW00093738,"WASHINGTON DULLES INTERNATIONAL AIRPORT, VA US",WAS,2024-03-14,3.8,,0,0,0,58,80,40,190,200,16.1,21,,,,,,,,
USW00093738,"WASHINGTON DULLES INTERNATIONAL AIRPORT, VA US",WAS,2024-03-15,9.84,,0.01,0,0,67,74,54,330,340,21.9,31.1,,,,,,,,
USW00093738,"WASHINGTON DULLES INTERNATIONAL AIRPORT, VA US",WAS,2024-03-16,6.93,,0,0,0,56,67,44,330,330,15,21.9,,,,,,,,
USW00093738,"WASHINGTON DULLES INTERNATIONAL AIRPORT, VA US",WAS,2024-03-17,9.62,,0,0,0,59,72,48,350,350,25.9,36,,,,,,,,
USW00093738,"WASHINGTON DULLES INTERNATIONAL AIRPORT, VA US",WAS,2024-03-18,15.43,,0,0,0,48,51,35,320,320,31.1,44.1,,,,,,,,
USW00093738,"WASHINGTON DULLES INTERNATIONAL AIRPORT, VA US",WAS,2024-03-19,11.41,,0,0,0,41,53,34,300,300,29.1,36,,,,,,,,
USW00093738,"WASHINGTON DULLES INTERNATIONAL AIRPORT, VA US",WAS,2024-03-20,15.43,,0,0,0,50,68,35,300,300,36,49,,,,,,,,
USW00093738,"WASHINGTON DULLES INTERNATIONAL AIRPORT, VA US",WAS,2024-03-21,9.17,,0,0,0,41,51,31,290,290,19.9,27.1,,,,,,,,
USW00093738,"WASHINGTON DULLES INTERNATIONAL AIRPORT, VA US",WAS,2024-03-22,6.71,,0.07,0,0,40,54,27,160,170,16.1,23,,,,,,,,
USW00093738,"WASHINGTON DULLES INTERNATIONAL AIRPORT, VA US",WAS,2024-03-23,14.32,,1.01,0,0,45,53,35,310,310,31.1,42.1,1,,,,,,,
USW00093738,"WASHINGTON DULLES INTERNATIONAL AIRPORT, VA US",WAS,2024-03-24,8.95,,0,0,0,40,51,32,340,340,21.9,33.1,,,,,,,,
USW00093738,"WASHINGTON DULLES INTERNATIONAL AIRPORT, VA US",WAS,2024-03-25,4.25,,0,0,0,43,59,28,120,110,13,18.1,,,,,,,,
USW00093738,"WASHINGTON DULLES INTERNATIONAL AIRPORT, VA US",WAS,2024-03-26,4.25,,0.01,0,0,46,63,32,130,130,14.1,19.9,,,,,,,,
USW00093738,"WASHINGTON DULLES INTERNATIONAL AIRPORT, VA US",WAS,2024-03-27,5.14,,0.28,0,0,48,51,45,110,140,13,17,1,,,,,,1,
USW00093738,"WASHINGTON DULLES INTERNATIONAL AIRPORT, VA US",WAS,2024-03-28,8.5,,0.06,0,0,50,55,44,350,360,21,28,1,,,,,,1,
USW00093738,"WASHINGTON DULLES INTERNATIONAL AIRPORT, VA US",WAS,2024-03-29,12.08,,0,0,0,50,63,31,310,290,31.1,44.1,,,,,,,,
USW00093738,"WASHINGTON DULLES INTERNATIONAL AIRPORT, VA US",WAS,2024-03-30,4.03,,0.01,0,0,50,67,32,350,350,30,40,,,,,,,,
USW00093738,"WASHINGTON DULLES INTERNATIONAL AIRPORT, VA US",WAS,2024-03-31,5.14,,0,0,0,55,67,42,350,350,17,21.9,1,,,,,,,
USW00093738,"WASHINGTON DULLES INTERNATIONAL AIRPORT, VA US",WAS,2024-04-01,5.59,,0.22,0,0,55,60,52,30,30,14.1,17,1,,1,,,,,
USW00093738,"WASHINGTON DULLES INTERNATIONAL AIRPORT, VA US",WAS,2024-04-02,7.38,,0.34,0,0,52,54,48,120,120,19.9,29.1,1,,1,,,,,
USW00093738,"WASHINGTON DULLES INTERNATIONAL AIRPORT, VA US",WAS,2024-04-03,9.4,,0.66,0,0,50,52,45,310,330,25.1,38,1,,,,,,1,
USW00093738,"WASHINGTON DULLES INTERNATIONAL AIRPORT, VA US",WAS,2024-04-04,4.92,,0.06,0,0,46,56,34,270,270,25.9,40.9,1,,,1,,,,
USW00093738,"WASHINGTON DULLES INTERNATIONAL AIRPORT, VA US",WAS,2024-04-05,12.75,,0,0,0,46,56,37,300,300,31.1,40,,,,,,,,
USW00093738,"WASHINGTON DULLES INTERNATIONAL AIRPORT, VA US",WAS,2024-04-06,12.75,,0,0,0,46,57,38,310,300,28,40,,,,,,,,
USW00093738,"WASHINGTON DULLES INTERNATIONAL AIRPORT, VA US",WAS,2024-04-07,6.71,,0,0,0,51,65,34,360,340,18.1,23.9,,,,,,,,
USW00093738,"WASHINGTON DULLES INTERNATIONAL AIRPORT, VA US",WAS,2024-04-08,5.37,,0,0,0,54,75,35,180,190,17,25.1,,,,,,,,
USW00093738,"WASHINGTON DULLES INTERNATIONAL AIRPORT, VA US",WAS,2024-04-09,4.25,,0,0,0,64,80,49,200,200,14.1,19,,,,,,,,
USW00093738,"WASHINGTON DULLES INTERNATIONAL AIRPORT, VA US",WAS,2024-04-10,5.82,,0,0,0,69,80,61,190,180,15,21.9,,,,,,,,
USW00093738,"WASHINGTON DULLES INTERNATIONAL AIRPORT, VA US",WAS,2024-04-11,12.3,,0.05,0,0,68,71,64,140,130,21,33.1,1,,,,,,,
USW00093738,"WASHINGTON DULLES INTERNATIONAL AIRPORT, VA US",WAS,2024-04-12,15.66,,0.1,0,0,64,67,57,240,180,25.9,45,1,,,,,,,
USW00093738,"WASHINGTON DULLES INTERNATIONAL AIRPORT, VA US",WAS,2024-04-13,17,,0,0,0,59,67,46,290,290,35.1,53,,,,,,,,
USW00093738,"WASHINGTON DULLES INTERNATIONAL AIRPORT, VA US",WAS,2024-04-14,12.08,,0,0,0,62,84,42,210,220,28,38.9,,,,,,,,
USW00093738,"WASHINGTON DULLES INTERNATIONAL AIRPORT, VA US",WAS,2024-04-15,7.16,,0,0,0,73,85,58,350,360,28,42.1,,,1,,,,,
USW00093738,"WASHINGTON DULLES INTERNATIONAL AIRPORT, VA US",WAS,2024-04-16,5.82,,0,0,0,70,78,48,20,20,16.1,23,,,,,,,,
USW00093738,"WASHINGTON DULLES INTERNATIONAL AIRPORT, VA US",WAS,2024-04-17,7.38,,0,0,0,65,74,59,160,160,14.1,21,,,,,,,,
USW00093738,"WASHINGTON DULLES INTERNATIONAL AIRPORT, VA US",WAS,2024-04-18,7.61,,0,0,0,68,79,53,330,340,21,30,,,,,,,,
USW00093738,"WASHINGTON DULLES INTERNATIONAL AIRPORT, VA US",WAS,2024-04-19,6.93,,0.01,0,0,57,57,53,140,150,14.1,23,,,,,,,,
USW00093738,"WASHINGTON DULLES INTERNATIONAL AIRPORT, VA US",WAS,2024-04-20,8.5,,0.01,0,0,61,74,53,300,300,25.1,34,1,,,,,,,
USW00093738,"WASHINGTON DULLES INTERNATIONAL AIRPORT, VA US",WAS,2024-04-21,5.37,,0,0,0,53,54,44,350,360,16.1,21,,,,,,,,
USW00093738,"WASHINGTON DULLES INTERNATIONAL AIRPORT, VA US",WAS,2024-04-22,5.14,,0,0,0,51,66,39,290,300,16.1,19.9,,,,,,,1,
USW00093738,"WASHINGTON DULLES INTERNATIONAL AIRPORT, VA US",WAS,2024-04-23,7.61,,0,0,0,54,74,34,190,200,19.9,28,,,,,,,,
USW00093738,"WASHINGTON DULLES INTERNATIONAL AIRPORT, VA US",WAS,2024-04-24,10.51,,0,0,0,66,75,57,310,300,23.9,35.1,,,,,,,,
USW00093738,"WASHINGTON DULLES INTERNATIONAL AIRPORT, VA US",WAS,2024-04-25,7.16,,0,0,0,57,62,49,350,360,17,23.9,,,,,,,,
USW00093738,"WASHINGTON DULLES INTERNATIONAL AIRPORT, VA US",WAS,2024-04-26,6.26,,0,0,0,53,67,39,160,150,15,21,,,,,,,,
USW00093738,"WASHINGTON DULLES INTERNATIONAL AIRPORT, VA US",WAS,2024-04-27,6.26,,0.15,0,0,54,58,52,160,140,10.1,17,1,,,,,,1,
USW00093738,"WASHINGTON DULLES INTERNATIONAL AIRPORT, VA US",WAS,2024-04-28,4.92,,0,0,0,65,86,53,190,180,15,21,1,1,,,,,,
USW00093738,"WASHINGTON DULLES INTERNATIONAL AIRPORT, VA US",WAS,2024-04-29,5.37,,0,0,0,77,91,57,190,200,14.1,19.9,,,,,,,,
USW00093738,"WASHINGTON DULLES INTERNATIONAL AIRPORT, VA US",WAS,2024-04-30,6.71,,0.14,0,0,76,88,61,300,300,23.9,30,1,,1,,,,,
USW00093738,"WASHINGTON DULLES INTERNATIONAL AIRPORT, VA US",WAS,2024-05-01,4.47,,0,0,0,73,85,59,320,290,15,19.9,1,,,,,,,
USW00093738,"WASHINGTON DULLES INTERNATIONAL AIRPORT, VA US",WAS,2024-05-02,2.46,,0,0,0,73,91,55,230,260,12.1,18.1,,,,,,,,
USW00093738,"WASHINGTON DULLES INTERNATIONAL AIRPORT, VA US",WAS,2024-05-03,8.72,,0.41,0,0,71,78,54,100,100,18.1,25.1,1,,,,,,1,
USW00093738,"WASHINGTON DULLES INTERNATIONAL AIRPORT, VA US",WAS,2024-05-04,5.82,,0.84,0,0,55,56,52,110,110,12.1,15,1,,,,,,,
USW00093738,"WASHINGTON DULLES INTERNATIONAL AIRPORT, VA US",WAS,2024-05-05,2.01,,0.23,0,0,58,69,53,190,190,6.9,8.9,1,,,,,,,
USW00093738,"WASHINGTON DULLES INTERNATIONAL AIRPORT, VA US",WAS,2024-05-06,2.46,,0.02,0,0,68,78,62,120,130,8.1,11,1,,,,,,,
USW00093738,"WASHINGTON DULLES INTERNATIONAL AIRPORT, VA US",WAS,2024-05-07,3.8,,0,0,0,72,81,65,190,130,13,19,1,,,,,,,
USW00093738,"WASHINGTON DULLES INTERNATIONAL AIRPORT, VA US",WAS,2024-05-08,6.26,,0,0,0,76,86,65,260,260,16.1,25.1,,,,,,,,
USW00093738,"WASHINGTON DULLES INTERNATIONAL AIRPORT, VA US",WAS,2024-05-09,6.26,,0.02,0,0,70,74,60,310,320,16.1,21.9,,,,,,,,
USW00093738,"WASHINGTON DULLES INTERNATIONAL AIRPORT, VA US",WAS,2024-05-10,5.82,,0.08,0,0,60,64,50,60,30,13,18.1,1,,,,,,1,
USW00093738,"WASHINGTON DULLES INTERNATIONAL AIRPORT, VA US",WAS,2024-05-11,4.25,,0.39,0,0,55,67,45,300,290,33.1,45,1,,1,,,,,
USW00093738,"WASHINGTON DULLES INTERNATIONAL AIRPORT, VA US",WAS,2024-05-12,7.83,,0.05,0,0,57,69,48,320,310,21.9,33.1,1,,,,,,,
USW00093738,"WASHINGTON DULLES INTERNATIONAL AIRPORT, VA US",WAS,2024-05-13,6.93,,0,0,0,62,79,44,220,220,18.1,25.1,1,,,,,,,
USW00093738,"WASHINGTON DULLES INTERNATIONAL AIRPORT, VA US",WAS,2024-05-14,6.26,,0.35,0,0,65,67,60,170,170,15,23.9,1,,,,,,,
USW00093738,"WASHINGTON DULLES INTERNATIONAL AIRPORT, VA US",WAS,2024-05-15,6.04,,0.08,0,0,63,67,57,30,20,13,17,1,,,,,,1,
USW00093738,"WASHINGTON DULLES INTERNATIONAL AIRPORT, VA US",WAS,2024-05-16,8.28,,0,0,0,68,80,54,350,320,19.9,31.1,1,,,,,,,
USW00093738,"WASHINGTON DULLES INTERNATIONAL AIRPORT, VA US",WAS,2024-05-17,4.7,,0,0,0,67,71,59,110,110,12.1,16.1,,,,,,,,
USW00093738,"WASHINGTON DULLES INTERNATIONAL AIRPORT, VA US",WAS,2024-05-18,3.36,,0.69,0,0,63,64,61,160,150,10.1,16.1,1,,,,,,,
USW00093738,"WASHINGTON DULLES INTERNATIONAL AIRPORT, VA US",WAS,2024-05-19,2.01,,0,0,0,67,76,58,320,310,8.1,12.1,,,,,,,,
USW00093738,"WASHINGTON DULLES INTERNATIONAL AIRPORT, VA US",WAS,2024-05-20,3.58,,0,0,0,66,81,54,180,170,8.1,11,1,1,,,,,,
USW00093738,"WASHINGTON DULLES INTERNATIONAL AIRPORT, VA US",WAS,2024-05-21,6.04,,0,0,0,73,86,57,150,210,13,19,1,,,,,,,
USW00093738,"WASHINGTON DULLES INTERNATIONAL AIRPORT, VA US",WAS,2024-05-22,6.04,,0,0,0,76,91,64,190,200,14.1,18.1,,,,,,,,
USW00093738,"WASHINGTON DULLES INTERNATIONAL AIRPORT, VA US",WAS,2024-05-23,4.25,,0.05,0,0,78,87,67,40,350,16.1,25.1,1,,1,,,,,
USW00093738,"WASHINGTON DULLES INTERNATIONAL AIRPORT, VA US",WAS,2024-05-24,3.58,,0,0,0,75,87,66,60,30,8.9,17,,,,,,,,
USW00093738,"WASHINGTON DULLES INTERNATIONAL AIRPORT, VA US",WAS,2024-05-25,5.59,,0.68,0,0,76,89,62,340,320,23.9,35.1,1,,1,,,,1,
USW00093738,"WASHINGTON DULLES INTERNATIONAL AIRPORT, VA US",WAS,2024-05-26,5.82,,0.12,0,0,76,89,66,190,200,25.9,40,1,,1,,,,,
USW00093738,"WASHINGTON DULLES INTERNATIONAL AIRPORT, VA US",WAS,2024-05-27,7.83,,0,0,0,74,84,64,180,180,17,28,,,1,,,,,
USW00093738,"WASHINGTON DULLES INTERNATIONAL AIRPORT, VA US",WAS,2024-05-28,6.49,,0.1,0,0,73,82,61,290,290,30,40.9,,,1,,,,1,
USW00093738,"WASHINGTON DULLES INTERNATIONAL AIRPORT, VA US",WAS,2024-05-29,4.03,,0.11,0,0,65,78,55,300,290,33.1,42.9,1,,1,,,,,
USW00093738,"WASHINGTON DULLES INTERNATIONAL AIRPORT, VA US",WAS,2024-05-30,8.95,,0,0,0,65,75,56,300,300,19.9,31.1,,,,,,,,
USW00093738,"WASHINGTON DULLES INTERNATIONAL AIRPORT, VA US",WAS,2024-05-31,6.71,,0,0,0,64,77,50,320,350,16.1,23,,,,,,,,
USW00093738,"WASHINGTON DULLES INTERNATIONAL AIRPORT, VA US",WAS,2024-06-01,3.8,,0,0,0,66,84,47,200,200,13,15,,,,,,,,
USW00093738,"WASHINGTON DULLES INTERNATIONAL AIRPORT, VA US",WAS,2024-06-02,6.71,,0,0,0,72,84,58,210,220,18.1,23.9,,,,,,,1,
USW00093738,"WASHINGTON DULLES INTERNATIONAL AIRPORT, VA US",WAS,2024-06-03,2.91,,0,0,0,76,85,64,340,350,12.1,16.1,,,,,,,,
USW00093738,"WASHINGTON DULLES INTERNATIONAL AIRPORT, VA US",WAS,2024-06-04,3.8,,0,0,0,76,90,62,110,100,14.1,19.9,1,,,,,,,
USW00093738,"WASHINGTON DULLES INTERNATIONAL AIRPORT, VA US",WAS,2024-06-05,8.05,,0.18,0,0,77,82,71,180,190,17,25.9,1,,1,,,,,
USW00093738,"WASHINGTON DULLES INTERNATIONAL AIRPORT, VA US",WAS,2024-06-06,9.62,,0.01,0,0,79,88,68,200,190,18.1,27.1,,,,,,,1,
USW00093738,"WASHINGTON DULLES INTERNATIONAL AIRPORT, VA US",WAS,2024-06-07,8.5,,0.01,0,0,78,86,59,310,310,23.9,33.1,,,,,,,1,
USW00093738,"WASHINGTON DULLES INTERNATIONAL AIRPORT, VA US",WAS,2024-06-08,5.37,,0,0,0,73,87,55,290,300,16.1,21.9,,,,,,,1,
USW00093738,"WASHINGTON DULLES INTERNATIONAL AIRPORT, VA US",WAS,2024-06-09,9.62,,0.05,0,0,74,84,63,350,290,23,32,1,,,,,,,
USW00093738,"WASHINGTON DULLES INTERNATIONAL AIRPORT, VA US",WAS,2024-06-10,6.71,,0.02,0,0,71,81,56,340,330,17,27.1,,,1,,,,,
USW00093738,"WASHINGTON DULLES INTERNATIONAL AIRPORT, VA US",WAS,2024-06-11,7.38,,0,0,0,68,75,56,310,320,16.1,23,,,,,,,,
USW00093738,"WASHINGTON DULLES INTERNATIONAL AIRPORT, VA US",WAS,2024-06-12,2.91,,0,0,0,68,84,53,290,320,13,19,,,,,,,,
USW00093738,"WASHINGTON DULLES INTERNATIONAL AIRPORT, VA US",WAS,2024-06-13,7.16,,0,0,0,77,91,63,210,170,16.1,23.9,,,,,,,,
USW00093738,"WASHINGTON DULLES INTERNATIONAL AIRPORT, VA US",WAS,2024-06-14,5.82,,0.01,0,0,81,92,68,330,320,21,29.1,,,1,,,,,
USW00093738,"WASHINGTON DULLES INTERNATIONAL AIRPORT, VA US",WAS,2024-06-15,6.26,,0,0,0,75,84,60,340,270,15,21.9,,,,,,,,
USW00093738,"WASHINGTON DULLES INTERNATIONAL AIRPORT, VA US",WAS,2024-06-16,6.26,,0,0,0,72,86,56,170,200,15,21,,,,,,,,
USW00093738,"WASHINGTON DULLES INTERNATIONAL AIRPORT, VA US",WAS,2024-06-17,7.83,,0,0,0,78,91,68,200,180,16.1,23,,,,,,,,
USW00093738,"WASHINGTON DULLES INTERNATIONAL AIRPORT, VA US",WAS,2024-06-18,8.05,,0,0,0,82,92,72,140,140,15,23,,,,,,,,
USW00093738,"WASHINGTON DULLES INTERNATIONAL AIRPORT, VA US",WAS,2024-06-19,6.49,,0,0,0,80,89,68,150,150,13,18.1,,,,,,,,
USW00093738,"WASHINGTON DULLES INTERNATIONAL AIRPORT, VA US",WAS,2024-06-20,4.92,,0,0,0,79,91,66,190,170,13,18.1,,,,,,,,
USW00093738,"WASHINGTON DULLES INTERNATIONAL AIRPORT, VA US",WAS,2024-06-21,4.25,,0,0,0,82,97,66,220,230,12.1,17,,,,,,,,
USW00093738,"WASHINGTON DULLES INTERNATIONAL AIRPORT, VA US",WAS,2024-06-22,6.49,,0,0,0,87,100,75,190,240,15,23.9,,,,,,,,
USW00093738,"WASHINGTON DULLES INTERNATIONAL AIRPORT, VA US",WAS,2024-06-23,11.18,,0,0,0,88,98,78,210,220,21,29.1,,,,,,,,
USW00093738,"WASHINGTON DULLES INTERNATIONAL AIRPORT, VA US",WAS,2024-06-24,12.08,,0,0,0,84,89,64,350,290,21.9,32,,,,,,,,
USW00093738,"WASHINGTON DULLES INTERNATIONAL AIRPORT, VA US",WAS,2024-06-25,4.7,,0,0,0,77,92,57,230,260,16.1,25.9,,,,,,,,
USW00093738,"WASHINGTON DULLES INTERNATIONAL AIRPORT, VA US",WAS,2024-06-26,9.17,,0.36,0,0,85,99,70,280,280,21,38,1,,,,,,,
USW00093738,"WASHINGTON DULLES INTERNATIONAL AIRPORT, VA US",WAS,2024-06-27,7.16,,0,0,0,78,90,70,360,360,15,21,,,,,,,,
USW00093738,"WASHINGTON DULLES INTERNATIONAL AIRPORT, VA US",WAS,2024-06-28,8.28,,0,0,0,77,84,67,140,190,16.1,23,,,,,,,,
USW00093738,"WASHINGTON DULLES INTERNATIONAL AIRPORT, VA US",WAS,2024-06-29,10.51,,0,0,0,79,93,70,200,180,19.9,29.1,,,1,,,,,
USW00093738,"WASHINGTON DULLES INTERNATIONAL AIRPORT, VA US",WAS,2024-06-30,8.05,,0.05,0,0,85,97,74,360,360,23,33.1,,,1,,,,,
USW00013739,"PHILADELPHIA INTERNATIONAL AIRPORT, PA US",PHL,2024-01-01,5.59,,0,0,0,42,47,37,350,350,15,19,,,,,,,,
USW00013739,"PHILADELPHIA INTERNATIONAL AIRPORT, PA US",PHL,2024-01-02,9.17,,0,0,0,39,44,32,330,330,16.1,21.9,,,,,,,,
USW00013739,"PHILADELPHIA INTERNATIONAL AIRPORT, PA US",PHL,2024-01-03,6.04,,0,0,0,36,45,29,270,260,13,15,,,,,,,,
USW00013739,"PHILADELPHIA INTERNATIONAL AIRPORT, PA US",PHL,2024-01-04,9.17,,0,0,0,39,45,29,320,330,23,29.1,,,,,,,,
USW00013739,"PHILADELPHIA INTERNATIONAL AIRPORT, PA US",PHL,2024-01-05,6.93,,0,0,0,31,38,25,350,340,16.1,19.9,,,,,,,,
USW00013739,"PHILADELPHIA INTERNATIONAL AIRPORT, PA US",PHL,2024-01-06,8.5,,1.04,0.1,0,32,41,27,20,40,18.1,27.1,1,,,,,,,
USW00013739,"PHILADELPHIA INTERNATIONAL AIRPORT, PA US",PHL,2024-01-07,11.86,,0.05,0,0,39,43,37,300,290,25.9,34,1,,,,,,,
USW00013739,"PHILADELPHIA INTERNATIONAL AIRPORT, PA US",PHL,2024-01-08,7.61,,0,0,0,41,48,31,340,340,21,25.1,,,,,,,,
USW00013739,"PHILADELPHIA INTERNATIONAL AIRPORT, PA US",PHL,2024-01-09,13.42,,2.09,0,0,39,58,30,150,180,35.1,51,1,,,,,,,
USW00013739,"PHILADELPHIA INTERNATIONAL AIRPORT, PA US",PHL,2024-01-10,20.8,,0,0,0,52,59,44,260,270,36.9,45,,,,,,,,
USW00013739,"PHILADELPHIA INTERNATIONAL AIRPORT, PA US",PHL,2024-01-11,9.84,,0,0,0,44,49,36,260,280,19.9,23.9,,,,,,,,
USW00013739,"PHILADELPHIA INTERNATIONAL AIRPORT, PA US",PHL,2024-01-12,8.72,,0.37,0,0,41,51,32,120,110,25.9,33.1,1,,,,,,,
USW00013739,"PHILADELPHIA INTERNATIONAL AIRPORT, PA US",PHL,2024-01-13,21.03,,0.37,0,0,51,59,34,260,260,38.9,46.1,1,,,,,,,
USW00013739,"PHILADELPHIA INTERNATIONAL AIRPORT, PA US",PHL,2024-01-14,16.33,,0,0,0,36,46,26,280,280,36,45,,,,,,,,
USW00013739,"PHILADELPHIA INTERNATIONAL AIRPORT, PA US",PHL,2024-01-15,4.47,,0.19,1.5,0,27,29,25,260,290,16.1,21.9,1,,,,,,,
USW00013739,"PHILADELPHIA INTERNATIONAL AIRPORT, PA US",PHL,2024-01-16,11.18,,0.23,1.8,2,27,30,19,310,290,21.9,31.1,1,,,,,1,,
USW00013739,"PHILADELPHIA INTERNATIONAL AIRPORT, PA US",PHL,2024-01-17,13.42,,0,0,2,20,25,14,260,260,23.9,29.1,,,,,,,,
USW00013739,"PHILADELPHIA INTERNATIONAL AIRPORT, PA US",PHL,2024-01-18,6.71,,0,0,2,26,32,21,240,240,16.1,19,,,,,,,,
USW00013739,"PHILADELPHIA INTERNATIONAL AIRPORT, PA US",PHL,2024-01-19,8.72,,0.3,4.6,2,29,31,24,350,310,16.1,21.9,1,,,,,,,
USW00013739,"PHILADELPHIA INTERNATIONAL AIRPORT, PA US",PHL,2024-01-20,12.75,,0,0,5.1,22,25,16,320,330,25.1,31.1,1,,,,,,,1
USW00013739,"PHILADELPHIA INTERNATIONAL AIRPORT, PA US",PHL,2024-01-21,11.41,,0,0,3.9,26,33,21,320,330,25.1,32,,,,,,,,1
USW00013739,"PHILADELPHIA INTERNATIONAL AIRPORT, PA US",PHL,2024-01-22,8.28,,0,0,3.1,26,35,17,220,220,16.1,19.9,,,,,,,,
USW00013739,"PHILADELPHIA INTERNATIONAL AIRPORT, PA US",PHL,2024-01-23,3.58,,0,0,1.2,34,45,27,230,20,8.9,13,,,,,,,,
USW00013739,"PHILADELPHIA INTERNATIONAL AIRPORT, PA US",PHL,2024-01-24,2.24,,0.01,0,0,39,46,35,80,30,8.1,10.1,1,,,,,,,
USW00013739,"PHILADELPHIA INTERNATIONAL AIRPORT, PA US",PHL,2024-01-25,3.36,,0.21,0,0,47,54,43,70,40,8.9,15,1,1,,,,,,
USW00013739,"PHILADELPHIA INTERNATIONAL AIRPORT, PA US",PHL,2024-01-26,5.82,,0.16,0,0,49,51,45,330,360,13,16.1,1,1,,,,,,
USW00013739,"PHILADELPHIA INTERNATIONAL AIRPORT, PA US",PHL,2024-01-27,4.7,,0,0,0,47,53,42,70,360,10.1,18.1,1,1,,,,,,
USW00013739,"PHILADELPHIA INTERNATIONAL AIRPORT, PA US",PHL,2024-01-28,11.63,,0.89,0,0,42,42,38,360,40,18.1,28,1,,,,,,,
USW00013739,"PHILADELPHIA INTERNATIONAL AIRPORT, PA US",PHL,2024-01-29,14.32,,0,0,0,40,42,36,330,330,28,36.9,1,,,,,,,
USW00013739,"PHILADELPHIA INTERNATIONAL AIRPORT, PA US",PHL,2024-01-30,5.14,,0,0,0,37,39,34,340,20,14.1,17,,,,,,,,
USW00013739,"PHILADELPHIA INTERNATIONAL AIRPORT, PA US",PHL,2024-01-31,3.8,,0,0,0,39,43,36,90,20,10.1,14.1,,,,,,,,
USW00013739,"PHILADELPHIA INTERNATIONAL AIRPORT, PA US",PHL,2024-02-01,5.59,,0,0,0,40,49,30,260,220,14.1,17,1,,,,,,,
USW00013739,"PHILADELPHIA INTERNATIONAL AIRPORT, PA US",PHL,2024-02-02,8.5,,0.1,0,0,43,46,40,350,350,21,25.1,1,,,,,,,
USW00013739,"PHILADELPHIA INTERNATIONAL AIRPORT, PA US",PHL,2024-02-03,10.29,,0,0,0,41,47,36,350,350,17,21.9,,,,,,,,
USW00013739,"PHILADELPHIA INTERNATIONAL AIRPORT, PA US",PHL,2024-02-04,5.37,,0,0,0,39,50,31,350,360,10.1,15,,,,,,,,
USW00013739,"PHILADELPHIA INTERNATIONAL AIRPORT, PA US",PHL,2024-02-05,7.16,,0,0,0,40,48,31,40,40,19.9,25.9,,,,,,,,
USW00013739,"PHILADELPHIA INTERNATIONAL AIRPORT, PA US",PHL,2024-02-06,7.61,,0,0,0,36,44,27,30,20,17,23,,,,,,,,
USW00013739,"PHILADELPHIA INTERNATIONAL AIRPORT, PA US",PHL,2024-02-07,5.59,,0,0,0,38,49,29,360,350,13,19.9,,,,,,,,
USW00013739,"PHILADELPHIA INTERNATIONAL AIRPORT, PA US",PHL,2024-02-08,5.59,,0,0,0,41,53,32,190,190,14.1,17,,,,,,,,
USW00013739,"PHILADELPHIA INTERNATIONAL AIRPORT, PA US",PHL,2024-02-09,4.7,,0,0,0,46,57,39,250,250,12.1,14.1,,,,,,,,
USW00013739,"PHILADELPHIA INTERNATIONAL AIRPORT, PA US",PHL,2024-02-10,4.25,,0,0,0,47,55,40,360,360,13,15,,,,,,,,
USW00013739,"PHILADELPHIA INTERNATIONAL AIRPORT, PA US",PHL,2024-02-11,4.47,,0,0,0,47,50,42,30,10,12.1,23,,,,,,,,
USW00013739,"PHILADELPHIA INTERNATIONAL AIRPORT, PA US",PHL,2024-02-12,3.8,,0.1,0,0,45,50,40,80,70,12.1,14.1,1,,,,,,,
USW00013739,"PHILADELPHIA INTERNATIONAL AIRPORT, PA US",PHL,2024-02-13,14.54,,0.75,0.6,0,39,42,33,30,40,28,42.1,1,,,1,,,,
USW00013739,"PHILADELPHIA INTERNATIONAL AIRPORT, PA US",PHL,2024-02-14,13.2,,0,0,0,37,40,31,310,320,23.9,32,,,,,,,,
USW00013739,"PHILADELPHIA INTERNATIONAL AIRPORT, PA US",PHL,2024-02-15,7.38,,0,0,0,33,41,26,180,180,17,19.9,,,,,,,,
USW00013739,"PHILADELPHIA INTERNATIONAL AIRPORT, PA US",PHL,2024-02-16,12.53,,0,0,0,39,43,33,280,270,28,40,,,,,,,,
USW00013739,"PHILADELPHIA INTERNATIONAL AIRPORT, PA US",PHL,2024-02-17,11.86,,0.19,2.6,2,35,38,26,290,290,25.1,36,1,,,,,,,
USW00013739,"PHILADELPHIA INTERNATIONAL AIRPORT, PA US",PHL,2024-02-18,15.43,,0,0,0,33,45,25,220,230,29.1,35.1,,,,,,,,
USW00013739,"PHILADELPHIA INTERNATIONAL AIRPORT, PA US",PHL,2024-02-19,6.93,,0,0,0,37,46,28,320,320,17,25.1,,,,,,,,
USW00013739,"PHILADELPHIA INTERNATIONAL AIRPORT, PA US",PHL,2024-02-20,6.26,,0,0,0,35,44,25,40,30,15,19,,,,,,,,
USW00013739,"PHILADELPHIA INTERNATIONAL AIRPORT, PA US",PHL,2024-02-21,4.7,,0,0,0,35,48,25,120,110,16.1,21,,,,,,,,
USW00013739,"PHILADELPHIA INTERNATIONAL AIRPORT, PA US",PHL,2024-02-22,4.92,,0.08,0,0,37,48,27,190,190,14.1,19,,,,,,,,
USW00013739,"PHILADELPHIA INTERNATIONAL AIRPORT, PA US",PHL,2024-02-23,5.82,,0,0,0,43,48,40,340,350,15,21,1,,,,,,,
USW00013739,"PHILADELPHIA INTERNATIONAL AIRPORT, PA US",PHL,2024-02-24,11.63,,0.05,0,0,42,44,28,330,330,21,25.9,1,,,,,,,
USW00013739,"PHILADELPHIA INTERNATIONAL AIRPORT, PA US",PHL,2024-02-25,7.16,,0,0,0,31,44,22,360,10,17,23,,,,,,,,
USW00013739,"PHILADELPHIA INTERNATIONAL AIRPORT, PA US",PHL,2024-02-26,3.8,,0,0,0,42,58,31,220,240,8.9,14.1,,,,,,,,
USW00013739,"PHILADELPHIA INTERNATIONAL AIRPORT, PA US",PHL,2024-02-27,8.28,,0.11,0,0,49,65,36,180,180,21,25.9,1,,,,,,,
USW00013739,"PHILADELPHIA INTERNATIONAL AIRPORT, PA US",PHL,2024-02-28,15.43,,0.11,0,0,58,63,42,300,300,38,48.1,1,,,,,,,
USW00013739,"PHILADELPHIA INTERNATIONAL AIRPORT, PA US",PHL,2024-02-29,14.32,,0,0,0,41,43,32,300,280,33.1,42.9,,,,,,,,
USW00013739,"PHILADELPHIA INTERNATIONAL AIRPORT, PA US",PHL,2024-03-01,5.37,,0,0,0,39,50,30,190,180,15,18.1,,,,,,,,
USW00013739,"PHILADELPHIA INTERNATIONAL AIRPORT, PA US",PHL,2024-03-02,8.95,,1.17,0,0,45,56,39,100,210,18.1,25.9,1,,,,,,,
USW00013739,"PHILADELPHIA INTERNATIONAL AIRPORT, PA US",PHL,2024-03-03,5.14,,0,0,0,54,66,42,290,300,13,19,1,,,,,,,
USW00013739,"PHILADELPHIA INTERNATIONAL AIRPORT, PA US",PHL,2024-03-04,6.71,,0,0,0,54,66,44,110,120,21,25.9,,,,,,,,
USW00013739,"PHILADELPHIA INTERNATIONAL AIRPORT, PA US",PHL,2024-03-05,9.4,,0.26,0,0,46,50,43,50,40,17,25.1,1,,,,,,,
USW00013739,"PHILADELPHIA INTERNATIONAL AIRPORT, PA US",PHL,2024-03-06,6.71,,1,0,0,50,52,48,50,40,21,27.1,1,,,,,,,
USW00013739,"PHILADELPHIA INTERNATIONAL AIRPORT, PA US",PHL,2024-03-07,12.08,,0.06,0,0,53,57,48,320,340,21.9,30,,,,,,,,
USW00013739,"PHILADELPHIA INTERNATIONAL AIRPORT, PA US",PHL,2024-03-08,8.05,,0,0,0,49,57,40,180,30,16.1,21,,,,,,,,
USW00013739,"PHILADELPHIA INTERNATIONAL AIRPORT, PA US",PHL,2024-03-09,10.51,,1.16,0,0,43,51,40,100,100,19.9,25.9,1,,1,,,,,
USW00013739,"PHILADELPHIA INTERNATIONAL AIRPORT, PA US",PHL,2024-03-10,19.46,,0,0,0,47,50,37,270,260,45,63.1,,,,,,,,
USW00013739,"PHILADELPHIA INTERNATIONAL AIRPORT, PA US",PHL,2024-03-11,21.03,,0,0,0,44,55,39,300,280,33.1,42.1,,,,,,,,
USW00013739,"PHILADELPHIA INTERNATIONAL AIRPORT, PA US",PHL,2024-03-12,12.3,,0,0,0,53,68,41,270,320,21.9,28,,,,,,,,
USW00013739,"PHILADELPHIA INTERNATIONAL AIRPORT, PA US",PHL,2024-03-13,5.82,,0,0,0,58,73,42,220,230,15,19,,,,,,,,
USW00013739,"PHILADELPHIA INTERNATIONAL AIRPORT, PA US",PHL,2024-03-14,5.59,,0,0,0,60,77,45,230,200,16.1,21,,,,,,,,
USW00013739,"PHILADELPHIA INTERNATIONAL AIRPORT, PA US",PHL,2024-03-15,12.97,,0,0,0,63,75,49,280,280,23.9,30,,,,,,,,
USW00013739,"PHILADELPHIA INTERNATIONAL AIRPORT, PA US",PHL,2024-03-16,8.72,,0,0,0,53,62,45,230,240,19.9,23,,,,,,,,
USW00013739,"PHILADELPHIA INTERNATIONAL AIRPORT, PA US",PHL,2024-03-17,12.53,,0,0,0,55,64,49,290,300,29.1,36,,,,,,,,
USW00013739,"PHILADELPHIA INTERNATIONAL AIRPORT, PA US",PHL,2024-03-18,16.11,,0,0,0,48,50,37,300,290,25.1,32,,,,,,,,
USW00013739,"PHILADELPHIA INTERNATIONAL AIRPORT, PA US",PHL,2024-03-19,12.08,,0,0,0,41,48,34,270,280,23.9,31.1,,,,,,,,
USW00013739,"PHILADELPHIA INTERNATIONAL AIRPORT, PA US",PHL,2024-03-20,17,,0,0,0,48,62,36,320,310,35.1,45,,,,,,,,
USW00013739,"PHILADELPHIA INTERNATIONAL AIRPORT, PA US",PHL,2024-03-21,12.97,,0,0,0,38,44,29,290,300,23.9,32,,,,,,,,
USW00013739,"PHILADELPHIA INTERNATIONAL AIRPORT, PA US",PHL,2024-03-22,7.38,,0,0,0,38,46,29,200,160,13,19.9,,,,,,,,
USW00013739,"PHILADELPHIA INTERNATIONAL AIRPORT, PA US",PHL,2024-03-23,16.11,,3.09,0,0,44,52,32,320,330,33.1,42.1,1,,,,,,,
USW00013739,"PHILADELPHIA INTERNATIONAL AIRPORT, PA US",PHL,2024-03-24,9.62,,0,0,0,38,49,29,30,20,23.9,30,,,,,,,,
USW00013739,"PHILADELPHIA INTERNATIONAL AIRPORT, PA US",PHL,2024-03-25,8.72,,0,0,0,43,55,34,80,50,17,25.9,,,,,,,,
USW00013739,"PHILADELPHIA INTERNATIONAL AIRPORT, PA US",PHL,2024-03-26,6.71,,0,0,0,46,60,38,110,40,16.1,21,,,,,,,,
USW00013739,"PHILADELPHIA INTERNATIONAL AIRPORT, PA US",PHL,2024-03-27,4.25,,0.33,0,0,46,50,43,260,340,13,18.1,1,,,,,,,
USW00013739,"PHILADELPHIA INTERNATIONAL AIRPORT, PA US",PHL,2024-03-28,9.17,,0.07,0,0,49,51,45,330,330,19.9,25.9,1,,,,,,,
USW00013739,"PHILADELPHIA INTERNATIONAL AIRPORT, PA US",PHL,2024-03-29,16.33,,0,0,0,49,58,41,320,320,30,38,,,,,,,,
USW00013739,"PHILADELPHIA INTERNATIONAL AIRPORT, PA US",PHL,2024-03-30,9.84,,0.05,0,0,49,62,38,250,260,21.9,31.1,1,,,,,,,
USW00013739,"PHILADELPHIA INTERNATIONAL AIRPORT, PA US",PHL,2024-03-31,6.04,,0,0,0,52,60,45,310,320,18.1,23.9,,,,,,,,
USW00013739,"PHILADELPHIA INTERNATIONAL AIRPORT, PA US",PHL,2024-04-01,5.37,,0.46,0,0,50,54,46,10,20,14.1,19.9,1,,,,,,,
USW00013739,"PHILADELPHIA INTERNATIONAL AIRPORT, PA US",PHL,2024-04-02,9.62,,1.38,0,0,48,49,46,80,80,25.9,32,1,,1,,,,,
USW00013739,"PHILADELPHIA INTERNATIONAL AIRPORT, PA US",PHL,2024-04-03,17.67,,1.49,0,0,46,46,43,80,80,30,40,1,,1,,,,,
USW00013739,"PHILADELPHIA INTERNATIONAL AIRPORT, PA US",PHL,2024-04-04,10.51,,0.05,0,0,45,53,39,230,10,23,28,1,,,,,,,
USW00013739,"PHILADELPHIA INTERNATIONAL AIRPORT, PA US",PHL,2024-04-05,14.32,,0,0,0,46,53,41,310,270,25.1,33.1,,,,,,,,
USW00013739,"PHILADELPHIA INTERNATIONAL AIRPORT, PA US",PHL,2024-04-06,14.99,,0,0,0,47,56,41,340,340,31.1,40.9,,,,,,,,
USW00013739,"PHILADELPHIA INTERNATIONAL AIRPORT, PA US",PHL,2024-04-07,10.29,,0,0,0,51,63,41,360,350,23.9,32,,,,,,,,
USW00013739,"PHILADELPHIA INTERNATIONAL AIRPORT, PA US",PHL,2024-04-08,4.03,,0,0,0,52,66,36,250,200,13,17,,,,,,,,
USW00013739,"PHILADELPHIA INTERNATIONAL AIRPORT, PA US",PHL,2024-04-09,3.36,,0,0,0,61,79,45,220,200,15,21.9,,,,,,,,
USW00013739,"PHILADELPHIA INTERNATIONAL AIRPORT, PA US",PHL,2024-04-10,4.25,,0,0,0,63,74,53,80,250,12.1,14.1,,,,,,,,
USW00013739,"PHILADELPHIA INTERNATIONAL AIRPORT, PA US",PHL,2024-04-11,12.53,,0.05,0,0,62,74,53,160,160,23.9,36,1,,1,,,,,
USW00013739,"PHILADELPHIA INTERNATIONAL AIRPORT, PA US",PHL,2024-04-12,19.01,,0.33,0,0,64,67,56,240,240,35.1,48.1,1,,,,,,,
USW00013739,"PHILADELPHIA INTERNATIONAL AIRPORT, PA US",PHL,2024-04-13,19.46,,0,0,0,57,61,48,270,280,35.1,45,,,,,,,,
USW00013739,"PHILADELPHIA INTERNATIONAL AIRPORT, PA US",PHL,2024-04-14,14.32,,0.01,0,0,59,76,45,230,220,30,38.9,,,,,,,,
USW00013739,"PHILADELPHIA INTERNATIONAL AIRPORT, PA US",PHL,2024-04-15,9.17,,0,0,0,70,84,59,20,20,21,27.1,,,,,,,,
USW00013739,"PHILADELPHIA INTERNATIONAL AIRPORT, PA US",PHL,2024-04-16,8.5,,0,0,0,65,74,53,30,30,23.9,31.1,,,,,,,,
USW00013739,"PHILADELPHIA INTERNATIONAL AIRPORT, PA US",PHL,2024-04-17,6.71,,0.13,0,0,59,66,50,80,70,16.1,19.9,,,,,,,,
USW00013739,"PHILADELPHIA INTERNATIONAL AIRPORT, PA US",PHL,2024-04-18,11.18,,0,0,0,53,55,45,40,100,17,27.1,1,,,,,,,
USW00013739,"PHILADELPHIA INTERNATIONAL AIRPORT, PA US",PHL,2024-04-19,6.26,,0,0,0,50,57,44,70,70,13,18.1,,,,,,,,
USW00013739,"PHILADELPHIA INTERNATIONAL AIRPORT, PA US",PHL,2024-04-20,11.41,,0.1,0,0,58,71,49,290,300,25.1,35.1,1,,,,,,,
USW00013739,"PHILADELPHIA INTERNATIONAL AIRPORT, PA US",PHL,2024-04-21,8.72,,0,0,0,50,53,42,330,330,21,28,,,,,,,,
USW00013739,"PHILADELPHIA INTERNATIONAL AIRPORT, PA US",PHL,2024-04-22,7.61,,0,0,0,50,63,39,340,340,19.9,28,,,,,,,,
USW00013739,"PHILADELPHIA INTERNATIONAL AIRPORT, PA US",PHL,2024-04-23,7.16,,0,0,0,53,69,40,220,190,19.9,25.1,,,,,,,,
USW00013739,"PHILADELPHIA INTERNATIONAL AIRPORT, PA US",PHL,2024-04-24,10.96,,0,0,0,59,72,52,280,280,30,36.9,,,,,,,,
USW00013739,"PHILADELPHIA INTERNATIONAL AIRPORT, PA US",PHL,2024-04-25,7.83,,0,0,0,55,61,44,40,20,17,21.9,,,,,,,1,
USW00013739,"PHILADELPHIA INTERNATIONAL AIRPORT, PA US",PHL,2024-04-26,5.82,,0,0,0,51,65,39,230,250,17,21,,,,,,,,
USW00013739,"PHILADELPHIA INTERNATIONAL AIRPORT, PA US",PHL,2024-04-27,6.49,,0,0,0,51,59,42,190,180,16.1,21,,,,,,,,
USW00013739,"PHILADELPHIA INTERNATIONAL AIRPORT, PA US",PHL,2024-04-28,5.82,,0.13,0,0,61,81,50,220,240,13,17,1,,,,,,,
USW00013739,"PHILADELPHIA INTERNATIONAL AIRPORT, PA US",PHL,2024-04-29,5.82,,0,0,0,74,90,59,190,190,13,17,,,,,,,,
USW00013739,"PHILADELPHIA INTERNATIONAL AIRPORT, PA US",PHL,2024-04-30,5.82,,0.03,0,0,73,85,61,20,360,21,27.1,1,,,,,,,
USW00013739,"PHILADELPHIA INTERNATIONAL AIRPORT, PA US",PHL,2024-05-01,6.49,,0.02,0,0,70,81,59,220,230,16.1,19.9,1,,,,,,,
USW00013739,"PHILADELPHIA INTERNATIONAL AIRPORT, PA US",PHL,2024-05-02,7.38,,0,0,0,69,90,55,290,300,21,28,1,,,,,,,
USW00013739,"PHILADELPHIA INTERNATIONAL AIRPORT, PA US",PHL,2024-05-03,11.41,,0,0,0,64,69,49,80,80,19.9,23.9,,,,,,,,
USW00013739,"PHILADELPHIA INTERNATIONAL AIRPORT, PA US",PHL,2024-05-04,9.84,,0.24,0,0,52,57,48,80,100,16.1,19.9,1,,,,,,,
USW00013739,"PHILADELPHIA INTERNATIONAL AIRPORT, PA US",PHL,2024-05-05,7.16,,0.12,0,0,53,63,50,90,100,15,18.1,1,,,,,,,
USW00013739,"PHILADELPHIA INTERNATIONAL AIRPORT, PA US",PHL,2024-05-06,4.25,,0,0,0,64,73,59,240,360,8.9,14.1,1,1,,,,,1,
USW00013739,"PHILADELPHIA INTERNATIONAL AIRPORT, PA US",PHL,2024-05-07,5.37,,0,0,0,71,82,61,200,190,15,18.1,1,,,,,,,
USW00013739,"PHILADELPHIA INTERNATIONAL AIRPORT, PA US",PHL,2024-05-08,9.84,,0.02,0,0,74,88,66,260,270,21,28,1,,1,,,,,
USW00013739,"PHILADELPHIA INTERNATIONAL AIRPORT, PA US",PHL,2024-05-09,6.49,,0.02,0,0,69,74,58,20,360,16.1,21.9,,,,,,,,
USW00013739,"PHILADELPHIA INTERNATIONAL AIRPORT, PA US",PHL,2024-05-10,11.41,,0.28,0,0,54,58,49,80,80,23,31.1,1,,,,,,,
USW00013739,"PHILADELPHIA INTERNATIONAL AIRPORT, PA US",PHL,2024-05-11,7.16,,0,0,0,55,66,46,150,360,16.1,21.9,,,,,,,,
USW00013739,"PHILADELPHIA INTERNATIONAL AIRPORT, PA US",PHL,2024-05-12,6.93,,0.1,0,0,51,56,48,110,110,13,16.1,,,,,,,,
USW00013739,"PHILADELPHIA INTERNATIONAL AIRPORT, PA US",PHL,2024-05-13,6.71,,0,0,0,57,73,46,220,190,17,25.9,,,,,,,,
USW00013739,"PHILADELPHIA INTERNATIONAL AIRPORT, PA US",PHL,2024-05-14,6.49,,0.05,0,0,63,74,53,180,170,14.1,19.9,1,,,,,,,
USW00013739,"PHILADELPHIA INTERNATIONAL AIRPORT, PA US",PHL,2024-05-15,10.51,,0.21,0,0,62,66,59,90,100,23,29.1,1,,,,,,,
USW00013739,"PHILADELPHIA INTERNATIONAL AIRPORT, PA US",PHL,2024-05-16,14.09,,0,0,0,64,69,61,360,10,23,30,,,,,,,,
USW00013739,"PHILADELPHIA INTERNATIONAL AIRPORT, PA US",PHL,2024-05-17,5.82,,0,0,0,64,68,60,40,30,15,21.9,,,,,,,,
USW00013739,"PHILADELPHIA INTERNATIONAL AIRPORT, PA US",PHL,2024-05-18,2.46,,0.12,0,0,62,66,56,80,40,8.1,10.1,1,,,,,,,
USW00013739,"PHILADELPHIA INTERNATIONAL AIRPORT, PA US",PHL,2024-05-19,4.92,,0,0,0,67,77,57,20,20,14.1,19.9,1,,,,,,,
USW00013739,"PHILADELPHIA INTERNATIONAL AIRPORT, PA US",PHL,2024-05-20,4.7,,0,0,0,65,78,53,200,210,15,16.1,1,,,,,,,
USW00013739,"PHILADELPHIA INTERNATIONAL AIRPORT, PA US",PHL,2024-05-21,7.83,,0,0,0,69,84,58,240,220,14.1,19.9,1,,,,,,,
USW00013739,"PHILADELPHIA INTERNATIONAL AIRPORT, PA US",PHL,2024-05-22,7.83,,0,0,0,74,88,61,240,200,18.1,25.1,,,,,,,,
USW00013739,"PHILADELPHIA INTERNATIONAL AIRPORT, PA US",PHL,2024-05-23,6.04,,0.1,0,0,74,80,69,20,200,16.1,21.9,1,,1,,,,,
USW00013739,"PHILADELPHIA INTERNATIONAL AIRPORT, PA US",PHL,2024-05-24,5.82,,0,0,0,77,88,67,270,240,16.1,21,,,,,,,,
USW00013739,"PHILADELPHIA INTERNATIONAL AIRPORT, PA US",PHL,2024-05-25,5.14,,0,0,0,77,88,65,220,230,14.1,18.1,,,,,,,,
USW00013739,"PHILADELPHIA INTERNATIONAL AIRPORT, PA US",PHL,2024-05-26,4.47,,0,0,0,77,88,68,190,200,18.1,23,,,,,,,,
USW00013739,"PHILADELPHIA INTERNATIONAL AIRPORT, PA US",PHL,2024-05-27,8.28,,0.43,0,0,73,77,69,200,210,23,44.1,1,,1,,,,,
USW00013739,"PHILADELPHIA INTERNATIONAL AIRPORT, PA US",PHL,2024-05-28,12.97,,0,0,0,74,84,66,270,280,25.1,32,,,,,,,,
USW00013739,"PHILADELPHIA INTERNATIONAL AIRPORT, PA US",PHL,2024-05-29,6.93,,0.01,0,0,71,78,62,290,290,30,38,,,1,,,,,
USW00013739,"PHILADELPHIA INTERNATIONAL AIRPORT, PA US",PHL,2024-05-30,12.53,,0,0,0,66,75,58,310,330,21.9,30,,,,,,,,
USW00013739,"PHILADELPHIA INTERNATIONAL AIRPORT, PA US",PHL,2024-05-31,8.95,,0,0,0,67,77,55,330,340,18.1,25.9,,,,,,,,
USW00013739,"PHILADELPHIA INTERNATIONAL AIRPORT, PA US",PHL,2024-06-01,6.04,,0,0,0,71,84,55,240,220,14.1,21.9,,,,,,,,
USW00013739,"PHILADELPHIA INTERNATIONAL AIRPORT, PA US",PHL,2024-06-02,8.95,,0,0,0,73,86,62,250,210,18.1,23.9,,,,,,,,
USW00013739,"PHILADELPHIA INTERNATIONAL AIRPORT, PA US",PHL,2024-06-03,6.04,,0.19,0,0,78,87,71,180,180,18.1,23,,,,,,,,
USW00013739,"PHILADELPHIA INTERNATIONAL AIRPORT, PA US",PHL,2024-06-04,5.14,,0,0,0,78,89,67,170,140,13,18.1,1,,,,,,,
USW00013739,"PHILADELPHIA INTERNATIONAL AIRPORT, PA US",PHL,2024-06-05,6.93,,1.87,0,0,74,85,66,200,200,21,25.9,1,,1,,,,,
USW00013739,"PHILADELPHIA INTERNATIONAL AIRPORT, PA US",PHL,2024-06-06,12.08,,0.06,0,0,78,87,72,240,220,19.9,23.9,1,,,,,,,
USW00013739,"PHILADELPHIA INTERNATIONAL AIRPORT, PA US",PHL,2024-06-07,10.96,,0,0,0,80,87,70,260,270,25.9,32,,,,,,,,
USW00013739,"PHILADELPHIA INTERNATIONAL AIRPORT, PA US",PHL,2024-06-08,8.95,,0,0,0,74,82,64,280,270,23,28,,,,,,,,
USW00013739,"PHILADELPHIA INTERNATIONAL AIRPORT, PA US",PHL,2024-06-09,11.63,,0,0,0,74,82,66,300,340,23,29.1,,,,,,,,
USW00013739,"PHILADELPHIA INTERNATIONAL AIRPORT, PA US",PHL,2024-06-10,10.51,,0,0,0,72,77,64,260,320,19.9,23.9,,,,,,,,
USW00013739,"PHILADELPHIA INTERNATIONAL AIRPORT, PA US",PHL,2024-06-11,6.71,,0,0,0,69,75,62,40,360,15,23.9,,,,,,,,
USW00013739,"PHILADELPHIA INTERNATIONAL AIRPORT, PA US",PHL,2024-06-12,6.04,,0,0,0,71,80,62,350,300,14.1,19.9,,,,,,,,
USW00013739,"PHILADELPHIA INTERNATIONAL AIRPORT, PA US",PHL,2024-06-13,7.16,,0,0,0,75,87,64,180,190,18.1,25.1,,,,,,,,
USW00013739,"PHILADELPHIA INTERNATIONAL AIRPORT, PA US",PHL,2024-06-14,8.5,,0.02,0,0,78,90,69,350,340,36.9,42.9,,,1,,,,,
USW00013739,"PHILADELPHIA INTERNATIONAL AIRPORT, PA US",PHL,2024-06-15,9.17,,0,0,0,74,84,65,340,340,18.1,25.1,,,,,,,,
USW00013739,"PHILADELPHIA INTERNATIONAL AIRPORT, PA US",PHL,2024-06-16,4.92,,0,0,0,74,86,63,190,170,15,19,,,,,,,,
USW00013739,"PHILADELPHIA INTERNATIONAL AIRPORT, PA US",PHL,2024-06-17,9.4,,0,0,0,76,89,66,240,190,18.1,25.9,,,,,,,,
USW00013739,"PHILADELPHIA INTERNATIONAL AIRPORT, PA US",PHL,2024-06-18,8.5,,0,0,0,80,91,72,190,190,15,23.9,,,,,,,,
USW00013739,"PHILADELPHIA INTERNATIONAL AIRPORT, PA US",PHL,2024-06-19,7.16,,0,0,0,79,90,71,190,180,15,23,,,,,,,,
USW00013739,"PHILADELPHIA INTERNATIONAL AIRPORT, PA US",PHL,2024-06-20,8.05,,0,0,0,80,91,71,230,270,15,21,,,,,,,,
USW00013739,"PHILADELPHIA INTERNATIONAL AIRPORT, PA US",PHL,2024-06-21,8.5,,0,0,0,82,94,73,230,240,16.1,21.9,,,,,,,,
USW00013739,"PHILADELPHIA INTERNATIONAL AIRPORT, PA US",PHL,2024-06-22,8.95,,0,0,0,85,98,75,240,240,18.1,23,,,1,,,,,
USW00013739,"PHILADELPHIA INTERNATIONAL AIRPORT, PA US",PHL,2024-06-23,12.3,,0.37,0,0,87,98,75,240,240,35.1,44.1,1,,1,,,,1,
USW00013739,"PHILADELPHIA INTERNATIONAL AIRPORT, PA US",PHL,2024-06-24,15.43,,0,0,0,80,85,74,310,330,33.1,42.9,,,,,,,,
USW00013739,"PHILADELPHIA INTERNATIONAL AIRPORT, PA US",PHL,2024-06-25,9.84,,0,0,0,80,89,68,250,230,21,23.9,,,,,,,,
USW00013739,"PHILADELPHIA INTERNATIONAL AIRPORT, PA US",PHL,2024-06-26,11.18,,0.38,0,0,83,95,72,260,260,35.1,40,1,,1,,,,,
USW00013739,"PHILADELPHIA INTERNATIONAL AIRPORT, PA US",PHL,2024-06-27,9.4,,0.04,0,0,79,87,70,10,320,21,27.1,1,,,,,,,
USW00013739,"PHILADELPHIA INTERNATIONAL AIRPORT, PA US",PHL,2024-06-28,9.17,,0,0,0,75,82,65,30,140,18.1,23.9,,,,,,,,
USW00013739,"PHILADELPHIA INTERNATIONAL AIRPORT, PA US",PHL,2024-06-29,9.62,,0.38,0,0,76,88,66,160,190,19.9,25.9,1,,1,,,,,
USW00013739,"PHILADELPHIA INTERNATIONAL AIRPORT, PA US",PHL,2024-06-30,10.07,,1.37,0,0,80,90,71,260,260,31.1,36.9,1,,1,,,,,
USW00014739,"BOSTON LOGAN INTERNATIONAL AIRPORT, MA US",BOS,2024-01-01,6.26,,0,0,,34,38,27,320,320,12.1,15,,,,,,,,
USW00014739,"BOSTON LOGAN INTERNATIONAL AIRPORT, MA US",BOS,2024-01-02,6.49,,0,0,,31,41,24,310,310,12.1,13,,,,,,,,
USW00014739,"BOSTON LOGAN INTERNATIONAL AIRPORT, MA US",BOS,2024-01-03,7.16,,0,0,,36,43,31,280,290,13,16.1,,,,,,,,
USW00014739,"BOSTON LOGAN INTERNATIONAL AIRPORT, MA US",BOS,2024-01-04,12.3,,0,0,,39,45,23,320,320,23.9,38,,,,,,,,
USW00014739,"BOSTON LOGAN INTERNATIONAL AIRPORT, MA US",BOS,2024-01-05,14.76,,0,0,,27,34,20,300,300,25.1,33.1,,,,,,,,
USW00014739,"BOSTON LOGAN INTERNATIONAL AIRPORT, MA US",BOS,2024-01-06,9.4,,0.09,0,,33,37,30,90,90,33.1,40,1,,,,,,,
USW00014739,"BOSTON LOGAN INTERNATIONAL AIRPORT, MA US",BOS,2024-01-07,21.25,,0.95,3.8,,33,37,24,80,40,31.1,36.9,1,1,,,,,,
USW00014739,"BOSTON LOGAN INTERNATIONAL AIRPORT, MA US",BOS,2024-01-08,9.17,,0,0,,29,36,26,300,290,19.9,25.9,,,,,,,,
USW00014739,"BOSTON LOGAN INTERNATIONAL AIRPORT, MA US",BOS,2024-01-09,12.08,,0.65,0,,32,44,23,120,120,33.1,40.9,1,,,,,,,
USW00014739,"BOSTON LOGAN INTERNATIONAL AIRPORT, MA US",BOS,2024-01-10,19.46,,1.82,0,,48,56,44,130,130,40.9,55,1,,,,,,,
USW00014739,"BOSTON LOGAN INTERNATIONAL AIRPORT, MA US",BOS,2024-01-11,12.75,,0,0,,43,45,39,280,280,23.9,32,,,,,,,,
USW00014739,"BOSTON LOGAN INTERNATIONAL AIRPORT, MA US",BOS,2024-01-12,10.07,,0,0,,41,47,36,130,120,19.9,21.9,,,,,,,,
USW00014739,"BOSTON LOGAN INTERNATIONAL AIRPORT, MA US",BOS,2024-01-13,20.58,,1.44,0,,47,60,39,100,110,35.1,42.9,1,,,,,,1,
USW00014739,"BOSTON LOGAN INTERNATIONAL AIRPORT, MA US",BOS,2024-01-14,21.92,,0,0,,38,41,27,260,260,32,40.9,1,,,,,,,
USW00014739,"BOSTON LOGAN INTERNATIONAL AIRPORT, MA US",BOS,2024-01-15,9.84,,0,0,,28,32,22,280,280,19.9,27.1,,,,,,,,
USW00014739,"BOSTON LOGAN INTERNATIONAL AIRPORT, MA US",BOS,2024-01-16,10.74,,0.56,3.5,,29,35,24,310,310,25.9,36,1,,,1,,1,,
USW00014739,"BOSTON LOGAN INTERNATIONAL AIRPORT, MA US",BOS,2024-01-17,15.21,,0,0,,24,27,19,270,260,23.9,29.1,,,,,,,,
USW00014739,"BOSTON LOGAN INTERNATIONAL AIRPORT, MA US",BOS,2024-01-18,14.09,,0,0,,22,29,18,240,240,21,29.1,,,,,,,,
USW00014739,"BOSTON LOGAN INTERNATIONAL AIRPORT, MA US",BOS,2024-01-19,10.07,,0,0,,26,29,19,320,310,21,25.9,,,,,,,,
USW00014739,"BOSTON LOGAN INTERNATIONAL AIRPORT, MA US",BOS,2024-01-20,15.43,,0,0.4,,18,21,14,330,290,23,30,1,,,,,,,
USW00014739,"BOSTON LOGAN INTERNATIONAL AIRPORT, MA US",BOS,2024-01-21,16.33,,0,0,,18,28,15,320,290,25.1,34,,,,,,,,
USW00014739,"BOSTON LOGAN INTERNATIONAL AIRPORT, MA US",BOS,2024-01-22,11.18,,0,0,,26,38,19,240,240,21,28,,,,,,,,
USW00014739,"BOSTON LOGAN INTERNATIONAL AIRPORT, MA US",BOS,2024-01-23,8.72,,0.01,0.1,,37,40,32,240,240,18.1,27.1,1,,,,,,,
USW00014739,"BOSTON LOGAN INTERNATIONAL AIRPORT, MA US",BOS,2024-01-24,4.92,,0.45,0.9,,35,39,32,180,180,8.9,13,1,,,1,,,,
USW00014739,"BOSTON LOGAN INTERNATIONAL AIRPORT, MA US",BOS,2024-01-25,8.05,,0.22,0,,44,52,39,220,260,17,23,1,,,,,,,
USW00014739,"BOSTON LOGAN INTERNATIONAL AIRPORT, MA US",BOS,2024-01-26,10.29,,0.78,0,,39,41,37,60,80,16.1,21,1,,,,,,,
USW00014739,"BOSTON LOGAN INTERNATIONAL AIRPORT, MA US",BOS,2024-01-27,6.71,,0,0,,37,39,35,10,10,13,14.1,1,,,,,,,
USW00014739,"BOSTON LOGAN INTERNATIONAL AIRPORT, MA US",BOS,2024-01-28,11.41,,0.58,0.2,,36,37,33,50,40,23,28,1,,,1,,,,
USW00014739,"BOSTON LOGAN INTERNATIONAL AIRPORT, MA US",BOS,2024-01-29,15.88,,0.09,0.1,,34,36,33,10,20,30,36,1,,,,,,,
USW00014739,"BOSTON LOGAN INTERNATIONAL AIRPORT, MA US",BOS,2024-01-30,10.51,,0,0,,30,33,26,50,50,21,23.9,1,,,,,,,
USW00014739,"BOSTON LOGAN INTERNATIONAL AIRPORT, MA US",BOS,2024-01-31,7.16,,0,0,,29,35,27,220,260,13,18.1,,,,,,,,
USW00014739,"BOSTON LOGAN INTERNATIONAL AIRPORT, MA US",BOS,2024-02-01,8.5,,0,0,,37,42,34,220,220,15,19,,,,,,,,
USW00014739,"BOSTON LOGAN INTERNATIONAL AIRPORT, MA US",BOS,2024-02-02,7.61,,0.07,0,,40,42,35,330,340,17,25.9,1,,,,,,,
USW00014739,"BOSTON LOGAN INTERNATIONAL AIRPORT, MA US",BOS,2024-02-03,12.08,,0,0,,35,38,29,320,320,18.1,25.9,,,,,,,,
USW00014739,"BOSTON LOGAN INTERNATIONAL AIRPORT, MA US",BOS,2024-02-04,11.41,,0,0,,32,42,24,320,330,18.1,25.9,,,,,,,,
USW00014739,"BOSTON LOGAN INTERNATIONAL AIRPORT, MA US",BOS,2024-02-05,12.08,,0,0,,33,41,26,20,360,21,28,,,,,,,,
USW00014739,"BOSTON LOGAN INTERNATIONAL AIRPORT, MA US",BOS,2024-02-06,10.51,,0,0,,33,37,29,30,360,18.1,23.9,,,,,,,,
USW00014739,"BOSTON LOGAN INTERNATIONAL AIRPORT, MA US",BOS,2024-02-07,7.83,,0,0,,33,40,28,40,30,16.1,21,,,,,,,,
USW00014739,"BOSTON LOGAN INTERNATIONAL AIRPORT, MA US",BOS,2024-02-08,4.25,,0,0,,35,42,28,110,130,10.1,13,,,,,,,,
USW00014739,"BOSTON LOGAN INTERNATIONAL AIRPORT, MA US",BOS,2024-02-09,8.28,,0,0,,36,48,30,200,200,16.1,21,,,,,,,,
USW00014739,"BOSTON LOGAN INTERNATIONAL AIRPORT, MA US",BOS,2024-02-10,8.95,,0.04,0,,45,60,35,300,300,19.9,28,,,,,,,,
USW00014739,"BOSTON LOGAN INTERNATIONAL AIRPORT, MA US",BOS,2024-02-11,12.08,,0,0,,47,50,39,260,250,19.9,29.1,,,,,,,,
USW00014739,"BOSTON LOGAN INTERNATIONAL AIRPORT, MA US",BOS,2024-02-12,6.93,,0,0,,40,45,34,340,340,13,19,,,,,,,,
USW00014739,"BOSTON LOGAN INTERNATIONAL AIRPORT, MA US",BOS,2024-02-13,14.99,,0.24,0.1,,36,38,32,30,10,32,42.1,1,,,,,,,
USW00014739,"BOSTON LOGAN INTERNATIONAL AIRPORT, MA US",BOS,2024-02-14,19.01,,0,0,,32,35,26,290,300,31.1,50.1,,,,,,,,
USW00014739,"BOSTON LOGAN INTERNATIONAL AIRPORT, MA US",BOS,2024-02-15,13.2,,0.01,0.4,,30,39,25,220,200,23.9,34,1,,,,,,,
USW00014739,"BOSTON LOGAN INTERNATIONAL AIRPORT, MA US",BOS,2024-02-16,16.55,,0,0,,34,39,29,300,290,31.1,46.1,,,,,,,,
USW00014739,"BOSTON LOGAN INTERNATIONAL AIRPORT, MA US",BOS,2024-02-17,9.84,,0,0,,31,35,25,290,290,21.9,30,,,,,,,1,
USW00014739,"BOSTON LOGAN INTERNATIONAL AIRPORT, MA US",BOS,2024-02-18,14.09,,0,0,,29,37,21,220,250,25.1,34,,,,,,,,
USW00014739,"BOSTON LOGAN INTERNATIONAL AIRPORT, MA US",BOS,2024-02-19,12.3,,0,0,,33,37,27,280,240,19.9,27.1,,,,,,,,
USW00014739,"BOSTON LOGAN INTERNATIONAL AIRPORT, MA US",BOS,2024-02-20,7.83,,0,0,,28,35,20,310,300,16.1,21,,,,,,,,
USW00014739,"BOSTON LOGAN INTERNATIONAL AIRPORT, MA US",BOS,2024-02-21,7.38,,0,0,,30,37,22,120,120,17,23,,,,,,,,
USW00014739,"BOSTON LOGAN INTERNATIONAL AIRPORT, MA US",BOS,2024-02-22,8.5,,0.01,0,,32,43,24,210,220,17,25.9,,,,,,,,
USW00014739,"BOSTON LOGAN INTERNATIONAL AIRPORT, MA US",BOS,2024-02-23,5.59,,0.05,0,,38,43,36,210,210,14.1,18.1,1,,,,,,1,
USW00014739,"BOSTON LOGAN INTERNATIONAL AIRPORT, MA US",BOS,2024-02-24,14.09,,0,0,,38,40,19,320,330,23,32,1,,,,,,,
USW00014739,"BOSTON LOGAN INTERNATIONAL AIRPORT, MA US",BOS,2024-02-25,9.62,,0,0,,24,35,16,200,190,17,23,,,,,,,,
USW00014739,"BOSTON LOGAN INTERNATIONAL AIRPORT, MA US",BOS,2024-02-26,13.42,,0,0,,39,56,29,220,230,23,33.1,,,,,,,,
USW00014739,"BOSTON LOGAN INTERNATIONAL AIRPORT, MA US",BOS,2024-02-27,6.93,,0.09,0,,40,52,30,200,190,21.9,29.1,1,,,,,,,
USW00014739,"BOSTON LOGAN INTERNATIONAL AIRPORT, MA US",BOS,2024-02-28,21.25,,0.09,0,,53,56,39,290,310,40,57,1,,,,,,,
USW00014739,"BOSTON LOGAN INTERNATIONAL AIRPORT, MA US",BOS,2024-02-29,20.36,,0.05,0,,36,39,26,280,300,36.9,59.1,1,,,,,,,
USW00014739,"BOSTON LOGAN INTERNATIONAL AIRPORT, MA US",BOS,2024-03-01,12.08,,0,0,,30,43,23,250,240,19.9,33.1,,,,,,,,
USW00014739,"BOSTON LOGAN INTERNATIONAL AIRPORT, MA US",BOS,2024-03-02,8.05,,1.16,0,,38,46,34,220,210,16.1,21,1,,,,,,,
USW00014739,"BOSTON LOGAN INTERNATIONAL AIRPORT, MA US",BOS,2024-03-03,7.38,,0.32,0,,48,58,44,350,340,17,23.9,1,1,,,,,,
USW00014739,"BOSTON LOGAN INTERNATIONAL AIRPORT, MA US",BOS,2024-03-04,10.51,,0,0,,46,53,38,70,60,17,23,1,,,,,,,
USW00014739,"BOSTON LOGAN INTERNATIONAL AIRPORT, MA US",BOS,2024-03-05,8.5,,0.16,0,,40,43,38,50,60,14.1,18.1,1,1,,,,,,
USW00014739,"BOSTON LOGAN INTERNATIONAL AIRPORT, MA US",BOS,2024-03-06,8.5,,0.37,0,,44,51,41,30,260,15,23,1,1,,,,,,
USW00014739,"BOSTON LOGAN INTERNATIONAL AIRPORT, MA US",BOS,2024-03-07,19.46,,1.07,0,,43,45,40,20,20,29.1,40,1,,,,,,,
USW00014739,"BOSTON LOGAN INTERNATIONAL AIRPORT, MA US",BOS,2024-03-08,12.3,,0,0,,40,45,34,10,10,21,29.1,,,,,,,,
USW00014739,"BOSTON LOGAN INTERNATIONAL AIRPORT, MA US",BOS,2024-03-09,12.97,,0.19,0,,37,41,32,120,110,25.1,32,1,,,,,,,
USW00014739,"BOSTON LOGAN INTERNATIONAL AIRPORT, MA US",BOS,2024-03-10,16.33,,0.92,0,,45,52,39,290,280,25.1,36.9,1,,,,,,,
USW00014739,"BOSTON LOGAN INTERNATIONAL AIRPORT, MA US",BOS,2024-03-11,21.25,,0,0,,39,45,33,310,310,36.9,55.9,,,,,,,,
USW00014739,"BOSTON LOGAN INTERNATIONAL AIRPORT, MA US",BOS,2024-03-12,14.99,,0,0,,44,55,37,300,260,29.1,40,,,,,,,,
USW00014739,"BOSTON LOGAN INTERNATIONAL AIRPORT, MA US",BOS,2024-03-13,10.51,,0,0,,44,47,37,100,310,18.1,25.1,,,,,,,,
USW00014739,"BOSTON LOGAN INTERNATIONAL AIRPORT, MA US",BOS,2024-03-14,6.49,,0,0,,43,49,38,90,70,12.1,15,,,,,,,,
USW00014739,"BOSTON LOGAN INTERNATIONAL AIRPORT, MA US",BOS,2024-03-15,9.62,,0.03,0,,42,44,37,360,360,19.9,27.1,1,,,,,,,
USW00014739,"BOSTON LOGAN INTERNATIONAL AIRPORT, MA US",BOS,2024-03-16,8.5,,0,0,,44,51,39,110,120,19.9,23,,,,,,,,
USW00014739,"BOSTON LOGAN INTERNATIONAL AIRPORT, MA US",BOS,2024-03-17,14.32,,0.02,0,,48,59,42,290,280,29.1,38.9,1,,,,,,,
USW00014739,"BOSTON LOGAN INTERNATIONAL AIRPORT, MA US",BOS,2024-03-18,14.09,,0,0,,45,50,37,270,290,23.9,32,,,,,,,,
USW00014739,"BOSTON LOGAN INTERNATIONAL AIRPORT, MA US",BOS,2024-03-19,14.09,,0,0,,40,47,34,270,300,23,34,,,,,,,,
USW00014739,"BOSTON LOGAN INTERNATIONAL AIRPORT, MA US",BOS,2024-03-20,13.2,,0.08,0,,42,54,33,280,280,29.1,55,1,,,,,,,
USW00014739,"BOSTON LOGAN INTERNATIONAL AIRPORT, MA US",BOS,2024-03-21,21.7,,0,0,,34,40,28,290,260,32,50.1,,,,,,,,
USW00014739,"BOSTON LOGAN INTERNATIONAL AIRPORT, MA US",BOS,2024-03-22,9.84,,0,0,,32,41,26,270,270,21.9,30,,,,,,,,
USW00014739,"BOSTON LOGAN INTERNATIONAL AIRPORT, MA US",BOS,2024-03-23,13.65,,2.28,0,,38,43,32,320,320,25.9,40.9,1,,,,,,,
USW00014739,"BOSTON LOGAN INTERNATIONAL AIRPORT, MA US",BOS,2024-03-24,14.32,,0,0,,34,42,27,310,320,29.1,40,,,,,,,,
USW00014739,"BOSTON LOGAN INTERNATIONAL AIRPORT, MA US",BOS,2024-03-25,18.79,,0,0,,37,42,33,40,40,28,35.1,,,,,,,,
USW00014739,"BOSTON LOGAN INTERNATIONAL AIRPORT, MA US",BOS,2024-03-26,16.33,,0.05,0,,37,39,35,30,30,23.9,31.1,1,,,,,,1,
USW00014739,"BOSTON LOGAN INTERNATIONAL AIRPORT, MA US",BOS,2024-03-27,6.71,,0.08,0,,42,48,39,40,30,14.1,18.1,1,,,,,,,
USW00014739,"BOSTON LOGAN INTERNATIONAL AIRPORT, MA US",BOS,2024-03-28,4.92,,1.67,0,,46,51,43,330,330,16.1,21.9,1,,,,,,,
USW00014739,"BOSTON LOGAN INTERNATIONAL AIRPORT, MA US",BOS,2024-03-29,19.69,,0.54,0,,45,51,38,300,300,32,49,1,,,,,,,
USW00014739,"BOSTON LOGAN INTERNATIONAL AIRPORT, MA US",BOS,2024-03-30,17,,0,0,,46,57,39,290,300,29.1,44.1,,,,,,,,
USW00014739,"BOSTON LOGAN INTERNATIONAL AIRPORT, MA US",BOS,2024-03-31,8.05,,0,0,,49,60,42,280,280,21,33.1,,,,,,,,
USW00014739,"BOSTON LOGAN INTERNATIONAL AIRPORT, MA US",BOS,2024-04-01,5.14,,0,0,,45,50,38,60,90,12.1,15,,,,,,,,
USW00014739,"BOSTON LOGAN INTERNATIONAL AIRPORT, MA US",BOS,2024-04-02,11.18,,0.02,0,,43,48,40,100,100,19.9,23.9,1,,,,,,,
USW00014739,"BOSTON LOGAN INTERNATIONAL AIRPORT, MA US",BOS,2024-04-03,21.92,,0.6,0,,41,44,37,60,60,36,49,1,,,1,,,,
USW00014739,"BOSTON LOGAN INTERNATIONAL AIRPORT, MA US",BOS,2024-04-04,26.4,,0.94,0.1,,37,39,35,60,60,42.9,59.1,1,,,1,,,,
USW00014739,"BOSTON LOGAN INTERNATIONAL AIRPORT, MA US",BOS,2024-04-05,14.76,,0,0,,39,46,36,290,300,21.9,33.1,,,,,,,,
USW00014739,"BOSTON LOGAN INTERNATIONAL AIRPORT, MA US",BOS,2024-04-06,12.97,,0.04,0,,41,44,37,340,10,23,32,1,,,,,,,
USW00014739,"BOSTON LOGAN INTERNATIONAL AIRPORT, MA US",BOS,2024-04-07,9.62,,0,0,,40,46,37,350,10,18.1,25.1,,,,,,,,
USW00014739,"BOSTON LOGAN INTERNATIONAL AIRPORT, MA US",BOS,2024-04-08,8.95,,0,0,,49,67,40,290,280,15,23,,,,,,,,
USW00014739,"BOSTON LOGAN INTERNATIONAL AIRPORT, MA US",BOS,2024-04-09,9.62,,0,0,,54,60,42,90,60,16.1,27.1,,,,,,,,
USW00014739,"BOSTON LOGAN INTERNATIONAL AIRPORT, MA US",BOS,2024-04-10,8.5,,0,0,,47,58,40,160,140,17,25.1,1,,,,,,,
USW00014739,"BOSTON LOGAN INTERNATIONAL AIRPORT, MA US",BOS,2024-04-11,7.61,,0.05,0,,46,56,44,150,150,14.1,18.1,1,1,,,,,,
USW00014739,"BOSTON LOGAN INTERNATIONAL AIRPORT, MA US",BOS,2024-04-12,19.24,,0.74,0,,55,62,49,170,160,38.9,51,1,,,,,,,
USW00014739,"BOSTON LOGAN INTERNATIONAL AIRPORT, MA US",BOS,2024-04-13,15.21,,0,0,,51,57,46,280,270,30,42.9,,,,,,,,
USW00014739,"BOSTON LOGAN INTERNATIONAL AIRPORT, MA US",BOS,2024-04-14,11.41,,0.04,0,,51,60,46,250,230,25.1,34,,,,,,,1,
USW00014739,"BOSTON LOGAN INTERNATIONAL AIRPORT, MA US",BOS,2024-04-15,9.17,,0,0,,56,73,44,270,280,25.1,35.1,,,,,,,,
USW00014739,"BOSTON LOGAN INTERNATIONAL AIRPORT, MA US",BOS,2024-04-16,9.17,,0,0,,58,68,49,310,320,19.9,28,,,,,,,,
USW00014739,"BOSTON LOGAN INTERNATIONAL AIRPORT, MA US",BOS,2024-04-17,10.96,,0,0,,49,50,42,100,100,21.9,27.1,,,,,,,,
USW00014739,"BOSTON LOGAN INTERNATIONAL AIRPORT, MA US",BOS,2024-04-18,9.4,,0.15,0,,46,47,44,70,60,17,21.9,1,,,,,,,
USW00014739,"BOSTON LOGAN INTERNATIONAL AIRPORT, MA US",BOS,2024-04-19,12.53,,0,0,,47,54,44,110,110,23.9,32,,,,,,,,
USW00014739,"BOSTON LOGAN INTERNATIONAL AIRPORT, MA US",BOS,2024-04-20,9.17,,0.29,0,,51,60,46,290,290,25.1,33.1,1,,,,,,,
USW00014739,"BOSTON LOGAN INTERNATIONAL AIRPORT, MA US",BOS,2024-04-21,11.63,,0,0,,48,52,41,280,290,21.9,31.1,,,,,,,,
USW00014739,"BOSTON LOGAN INTERNATIONAL AIRPORT, MA US",BOS,2024-04-22,10.07,,0,0,,48,58,41,310,310,23,30,,,,,,,,
USW00014739,"BOSTON LOGAN INTERNATIONAL AIRPORT, MA US",BOS,2024-04-23,11.18,,0,0,,48,62,39,110,160,23.9,30,1,,,,,,,
USW00014739,"BOSTON LOGAN INTERNATIONAL AIRPORT, MA US",BOS,2024-04-24,13.65,,0,0,,51,66,37,330,330,25.9,40,,,,,,,,
USW00014739,"BOSTON LOGAN INTERNATIONAL AIRPORT, MA US",BOS,2024-04-25,10.74,,0,0,,42,51,34,110,120,18.1,21.9,,,,,,,,
USW00014739,"BOSTON LOGAN INTERNATIONAL AIRPORT, MA US",BOS,2024-04-26,10.74,,0,0,,45,51,37,100,120,17,21.9,,,,,,,,
USW00014739,"BOSTON LOGAN INTERNATIONAL AIRPORT, MA US",BOS,2024-04-27,10.74,,0,0,,49,61,39,210,240,21.9,30,,,,,,,,
USW00014739,"BOSTON LOGAN INTERNATIONAL AIRPORT, MA US",BOS,2024-04-28,11.18,,0,0,,54,68,45,240,240,21,27.1,,,,,,,,
USW00014739,"BOSTON LOGAN INTERNATIONAL AIRPORT, MA US",BOS,2024-04-29,7.61,,0,0,,59,71,50,70,60,21,25.1,,,,,,,,
USW00014739,"BOSTON LOGAN INTERNATIONAL AIRPORT, MA US",BOS,2024-04-30,10.74,,0.09,0,,51,54,47,130,120,21,27.1,1,,1,,,,,
USW00014739,"BOSTON LOGAN INTERNATIONAL AIRPORT, MA US",BOS,2024-05-01,7.38,,0.05,0,,47,50,45,70,90,13,16.1,1,,,,,,,
USW00014739,"BOSTON LOGAN INTERNATIONAL AIRPORT, MA US",BOS,2024-05-02,12.3,,0.1,0,,53,68,47,40,240,25.9,38,1,,1,,,,,
USW00014739,"BOSTON LOGAN INTERNATIONAL AIRPORT, MA US",BOS,2024-05-03,8.5,,0,0,,49,53,47,30,20,16.1,19.9,,,,,,,,
USW00014739,"BOSTON LOGAN INTERNATIONAL AIRPORT, MA US",BOS,2024-05-04,8.72,,0,0,,50,53,47,90,90,16.1,21,,,,,,,,
USW00014739,"BOSTON LOGAN INTERNATIONAL AIRPORT, MA US",BOS,2024-05-05,9.62,,0.45,0,,48,53,45,110,110,17,21.9,1,,,,,,,
USW00014739,"BOSTON LOGAN INTERNATIONAL AIRPORT, MA US",BOS,2024-05-06,7.38,,0.04,0,,58,77,49,240,240,14.1,21,1,,,,,,,
USW00014739,"BOSTON LOGAN INTERNATIONAL AIRPORT, MA US",BOS,2024-05-07,8.95,,0,0,,65,67,56,100,50,16.1,19.9,,,,,,,,
USW00014739,"BOSTON LOGAN INTERNATIONAL AIRPORT, MA US",BOS,2024-05-08,5.59,,0.69,0,,56,59,50,90,100,15,23,1,,1,,,,,
USW00014739,"BOSTON LOGAN INTERNATIONAL AIRPORT, MA US",BOS,2024-05-09,10.51,,0,0,,55,64,49,310,330,18.1,27.1,1,,,,,,,
USW00014739,"BOSTON LOGAN INTERNATIONAL AIRPORT, MA US",BOS,2024-05-10,10.74,,0,0,,50,54,45,80,90,18.1,23,,,,,,,,
USW00014739,"BOSTON LOGAN INTERNATIONAL AIRPORT, MA US",BOS,2024-05-11,8.5,,0,0,,48,54,43,70,60,18.1,23,,,,,,,,
USW00014739,"BOSTON LOGAN INTERNATIONAL AIRPORT, MA US",BOS,2024-05-12,6.93,,0,0,,50,57,44,240,260,13,23.9,,,,,,,,
USW00014739,"BOSTON LOGAN INTERNATIONAL AIRPORT, MA US",BOS,2024-05-13,11.18,,0,0,,56,63,49,110,100,23,30,,,,,,,,
USW00014739,"BOSTON LOGAN INTERNATIONAL AIRPORT, MA US",BOS,2024-05-14,12.97,,0,0,,62,77,51,190,230,23,30,,,,,,,,
USW00014739,"BOSTON LOGAN INTERNATIONAL AIRPORT, MA US",BOS,2024-05-15,7.83,,0.3,0,,64,70,55,190,180,21,28,1,,,,,,,
USW00014739,"BOSTON LOGAN INTERNATIONAL AIRPORT, MA US",BOS,2024-05-16,13.42,,0.4,0,,56,60,53,40,40,23,30,1,,,,,,,
USW00014739,"BOSTON LOGAN INTERNATIONAL AIRPORT, MA US",BOS,2024-05-17,10.74,,0,0,,57,65,52,50,50,18.1,25.1,,,,,,,,
USW00014739,"BOSTON LOGAN INTERNATIONAL AIRPORT, MA US",BOS,2024-05-18,12.97,,0.61,0,,56,60,53,60,50,18.1,25.9,1,,,,,,,
USW00014739,"BOSTON LOGAN INTERNATIONAL AIRPORT, MA US",BOS,2024-05-19,10.51,,0.08,0,,54,57,51,30,30,17,23,1,,,,,,,
USW00014739,"BOSTON LOGAN INTERNATIONAL AIRPORT, MA US",BOS,2024-05-20,7.61,,0,0,,55,60,52,90,90,13,18.1,,,,,,,,
USW00014739,"BOSTON LOGAN INTERNATIONAL AIRPORT, MA US",BOS,2024-05-21,9.17,,0,0,,64,84,53,220,240,16.1,23.9,1,,,,,,,
USW00014739,"BOSTON LOGAN INTERNATIONAL AIRPORT, MA US",BOS,2024-05-22,12.53,,0,0,,74,89,61,200,200,21.9,29.1,,,,,,,,
USW00014739,"BOSTON LOGAN INTERNATIONAL AIRPORT, MA US",BOS,2024-05-23,10.29,,0.09,0,,71,78,65,120,270,21,28,1,,1,,,,,
USW00014739,"BOSTON LOGAN INTERNATIONAL AIRPORT, MA US",BOS,2024-05-24,12.53,,0,0,,75,85,60,240,270,21,36,,,,,,,,
USW00014739,"BOSTON LOGAN INTERNATIONAL AIRPORT, MA US",BOS,2024-05-25,9.17,,0,0,,67,72,58,110,100,19.9,23,,,,,,,,
USW00014739,"BOSTON LOGAN INTERNATIONAL AIRPORT, MA US",BOS,2024-05-26,6.93,,0.12,0,,64,69,60,320,320,15,19,1,,1,,,,,
USW00014739,"BOSTON LOGAN INTERNATIONAL AIRPORT, MA US",BOS,2024-05-27,11.41,,0.26,0,,63,74,59,170,160,21.9,29.1,1,1,,,,,1,
USW00014739,"BOSTON LOGAN INTERNATIONAL AIRPORT, MA US",BOS,2024-05-28,13.42,,0.14,0,,73,84,66,220,230,23,32,1,,,,,,,
USW00014739,"BOSTON LOGAN INTERNATIONAL AIRPORT, MA US",BOS,2024-05-29,8.72,,0,0,,69,77,60,260,270,16.1,23,,,,,,,,
USW00014739,"BOSTON LOGAN INTERNATIONAL AIRPORT, MA US",BOS,2024-05-30,9.17,,1.49,0,,58,60,52,360,360,19.9,29.1,1,,1,,,,,
USW00014739,"BOSTON LOGAN INTERNATIONAL AIRPORT, MA US",BOS,2024-05-31,9.4,,0,0,,64,77,54,310,320,19.9,29.1,,,,,,,,
USW00014739,"BOSTON LOGAN INTERNATIONAL AIRPORT, MA US",BOS,2024-06-01,8.28,,0,0,,69,82,56,170,200,18.1,29.1,,,,,,,,
USW00014739,"BOSTON LOGAN INTERNATIONAL AIRPORT, MA US",BOS,2024-06-02,6.71,,0,0,,67,82,53,250,240,16.1,21,,,,,,,,
USW00014739,"BOSTON LOGAN INTERNATIONAL AIRPORT, MA US",BOS,2024-06-03,9.17,,0,0,,70,76,59,90,80,16.1,19.9,,,,,,,,
USW00014739,"BOSTON LOGAN INTERNATIONAL AIRPORT, MA US",BOS,2024-06-04,8.5,,0,0,,62,67,57,120,90,14.1,21,,,,,,,,
USW00014739,"BOSTON LOGAN INTERNATIONAL AIRPORT, MA US",BOS,2024-06-05,11.41,,0,0,,70,86,59,230,210,21,30,,,,,,,,
USW00014739,"BOSTON LOGAN INTERNATIONAL AIRPORT, MA US",BOS,2024-06-06,7.61,,0,0,,69,73,61,100,100,18.1,23,1,1,,,,,,
USW00014739,"BOSTON LOGAN INTERNATIONAL AIRPORT, MA US",BOS,2024-06-07,7.61,,0.04,0,,65,70,62,100,10,17,21.9,1,,,,,,,
USW00014739,"BOSTON LOGAN INTERNATIONAL AIRPORT, MA US",BOS,2024-06-08,15.21,,0,0,,67,75,60,270,250,25.1,36.9,,,,,,,,
USW00014739,"BOSTON LOGAN INTERNATIONAL AIRPORT, MA US",BOS,2024-06-09,9.62,,0.23,0,,65,70,57,270,270,21,28,1,,,,,,,
USW00014739,"BOSTON LOGAN INTERNATIONAL AIRPORT, MA US",BOS,2024-06-10,11.86,,0,0,,67,78,58,270,260,21,30,,,,,,,,
USW00014739,"BOSTON LOGAN INTERNATIONAL AIRPORT, MA US",BOS,2024-06-11,7.38,,0,0,,65,71,59,120,100,15,19,,,,,,,,
USW00014739,"BOSTON LOGAN INTERNATIONAL AIRPORT, MA US",BOS,2024-06-12,6.93,,0,0,,67,74,59,110,290,16.1,21.9,,,,,,,,
USW00014739,"BOSTON LOGAN INTERNATIONAL AIRPORT, MA US",BOS,2024-06-13,10.96,,0,0,,72,83,61,190,210,18.1,27.1,,,,,,,,
USW00014739,"BOSTON LOGAN INTERNATIONAL AIRPORT, MA US",BOS,2024-06-14,12.08,,0.54,0,,72,86,66,300,290,35.1,53,1,,1,,,,,
USW00014739,"BOSTON LOGAN INTERNATIONAL AIRPORT, MA US",BOS,2024-06-15,11.18,,0.03,0,,71,77,62,340,330,21,31.1,1,,,,,,,
USW00014739,"BOSTON LOGAN INTERNATIONAL AIRPORT, MA US",BOS,2024-06-16,10.29,,0,0,,64,67,57,200,200,16.1,21,,,,,,,,
USW00014739,"BOSTON LOGAN INTERNATIONAL AIRPORT, MA US",BOS,2024-06-17,11.86,,0,0,,69,81,59,220,220,21,27.1,,,,,,,,
USW00014739,"BOSTON LOGAN INTERNATIONAL AIRPORT, MA US",BOS,2024-06-18,9.84,,0,0,,77,92,67,190,220,17,21.9,,,,,,,,
USW00014739,"BOSTON LOGAN INTERNATIONAL AIRPORT, MA US",BOS,2024-06-19,11.41,,0,0,,82,98,70,230,250,18.1,29.1,,,,,,,,
USW00014739,"BOSTON LOGAN INTERNATIONAL AIRPORT, MA US",BOS,2024-06-20,10.07,,0.29,0,,84,97,69,330,340,30,46.1,1,,1,,,,,
USW00014739,"BOSTON LOGAN INTERNATIONAL AIRPORT, MA US",BOS,2024-06-21,8.72,,0.48,0,,75,82,63,60,50,17,23,1,,1,,,,,
USW00014739,"BOSTON LOGAN INTERNATIONAL AIRPORT, MA US",BOS,2024-06-22,6.71,,0.18,0,,65,69,63,50,50,14.1,18.1,1,,,,,,,
USW00014739,"BOSTON LOGAN INTERNATIONAL AIRPORT, MA US",BOS,2024-06-23,12.08,,0.08,0,,70,87,61,220,220,23.9,35.1,1,1,,,,,,
USW00014739,"BOSTON LOGAN INTERNATIONAL AIRPORT, MA US",BOS,2024-06-24,14.76,,0.1,0,,77,82,65,300,220,23,33.1,1,,,,,,,
USW00014739,"BOSTON LOGAN INTERNATIONAL AIRPORT, MA US",BOS,2024-06-25,12.08,,0,0,,76,89,65,220,340,18.1,25.9,,,,,,,,
USW00014739,"BOSTON LOGAN INTERNATIONAL AIRPORT, MA US",BOS,2024-06-26,13.87,,1.97,0,,80,90,66,240,240,29.1,38,1,,1,,,,,
USW00014739,"BOSTON LOGAN INTERNATIONAL AIRPORT, MA US",BOS,2024-06-27,10.74,,0.08,0,,74,85,65,320,330,21.9,31.1,1,,1,,,,,
USW00014739,"BOSTON LOGAN INTERNATIONAL AIRPORT, MA US",BOS,2024-06-28,11.86,,0,0,,67,73,59,310,320,21,30,,,,,,,,
USW00014739,"BOSTON LOGAN INTERNATIONAL AIRPORT, MA US",BOS,2024-06-29,12.97,,0,0,,67,74,62,210,190,21.9,32,,,,,,,,
USW00014739,"BOSTON LOGAN INTERNATIONAL AIRPORT, MA US",BOS,2024-06-30,12.53,,0.02,0,,77,87,73,240,250,21,30,,,1,,,,,
USW00094789,"JFK INTERNATIONAL AIRPORT, NY US",NYP,2024-01-01,6.71,,0,0,0,42,47,35,350,340,15,18.1,,,,,,,,
USW00094789,"JFK INTERNATIONAL AIRPORT, NY US",NYP,2024-01-02,9.84,,0,0,0,36,42,28,350,350,18.1,21.9,,,,,,,,
USW00094789,"JFK INTERNATIONAL AIRPORT, NY US",NYP,2024-01-03,8.5,,0,0,0,39,45,33,300,300,14.1,19.9,,,,,,,,
USW00094789,"JFK INTERNATIONAL AIRPORT, NY US",NYP,2024-01-04,14.32,,0,0,0,40,46,28,310,310,29.1,34,,,,,,,,
USW00094789,"JFK INTERNATIONAL AIRPORT, NY US",NYP,2024-01-05,13.2,,0,0,0,31,38,26,340,330,23,28,,,,,,,,
USW00094789,"JFK INTERNATIONAL AIRPORT, NY US",NYP,2024-01-06,11.18,,0.54,0.1,0,33,39,27,70,60,29.1,36,1,,,,,,,
USW00094789,"JFK INTERNATIONAL AIRPORT, NY US",NYP,2024-01-07,15.66,,0.28,0,0,37,39,35,320,310,23,31.1,1,,,,,,,
USW00094789,"JFK INTERNATIONAL AIRPORT, NY US",NYP,2024-01-08,12.3,,0,0,0,39,45,32,330,330,33.1,40.9,,,,,,,,
USW00094789,"JFK INTERNATIONAL AIRPORT, NY US",NYP,2024-01-09,16.55,,1.59,0,0,37,54,28,150,160,40,53.9,1,,,,,,,
USW00094789,"JFK INTERNATIONAL AIRPORT, NY US",NYP,2024-01-10,22.59,,0.28,0,0,50,54,43,270,280,36,46.1,1,,,,,,,
USW00094789,"JFK INTERNATIONAL AIRPORT, NY US",NYP,2024-01-11,14.76,,0,0,0,44,46,39,270,270,28,35.1,,,,,,,,
USW00094789,"JFK INTERNATIONAL AIRPORT, NY US",NYP,2024-01-12,11.41,,0.06,0,0,42,48,34,100,110,31.1,42.9,1,,,,,,,
USW00094789,"JFK INTERNATIONAL AIRPORT, NY US",NYP,2024-01-13,22.82,,1.13,0,0,49,56,35,280,280,38,49,1,1,,,,,,
USW00094789,"JFK INTERNATIONAL AIRPORT, NY US",NYP,2024-01-14,21.47,,0,0,0,37,44,26,280,270,36.9,48.1,,,,,,,,
USW00094789,"JFK INTERNATIONAL AIRPORT, NY US",NYP,2024-01-15,9.4,,0.06,0.7,0,27,29,23,310,290,17,21,1,,,,,,,
USW00094789,"JFK INTERNATIONAL AIRPORT, NY US",NYP,2024-01-16,14.32,,0.36,1.3,2,28,32,22,310,320,30,38,1,,,1,,1,,
USW00094789,"JFK INTERNATIONAL AIRPORT, NY US",NYP,2024-01-17,18.12,,0,0,1.2,22,24,18,260,260,28,32,,,,,,,,
USW00094789,"JFK INTERNATIONAL AIRPORT, NY US",NYP,2024-01-18,11.41,,0,0,1.2,26,33,22,270,270,21,25.1,,,,,,,,
USW00094789,"JFK INTERNATIONAL AIRPORT, NY US",NYP,2024-01-19,10.96,,0.01,0.3,0,30,33,25,350,340,21,23.9,1,,,,,,1,
USW00094789,"JFK INTERNATIONAL AIRPORT, NY US",NYP,2024-01-20,20.8,,0,0,0,23,26,18,310,320,30,38.9,,,,,,,,
USW00094789,"JFK INTERNATIONAL AIRPORT, NY US",NYP,2024-01-21,17.9,,0,0,0,23,32,19,310,310,29.1,35.1,,,,,,,,
USW00094789,"JFK INTERNATIONAL AIRPORT, NY US",NYP,2024-01-22,12.53,,0,0,0,28,36,22,250,240,21.9,27.1,,,,,,,,
USW00094789,"JFK INTERNATIONAL AIRPORT, NY US",NYP,2024-01-23,7.61,,0.01,0,0,36,40,32,240,250,18.1,21,,,,1,,,,
USW00094789,"JFK INTERNATIONAL AIRPORT, NY US",NYP,2024-01-24,5.37,,0.09,0,0,39,45,36,120,130,10.1,13,1,,,,,,,
USW00094789,"JFK INTERNATIONAL AIRPORT, NY US",NYP,2024-01-25,6.04,,0.27,0,0,47,55,43,100,100,23,28,1,,,,,,,
USW00094789,"JFK INTERNATIONAL AIRPORT, NY US",NYP,2024-01-26,8.05,,0.21,0,0,45,46,41,90,100,21,25.1,1,1,,,,,,
USW00094789,"JFK INTERNATIONAL AIRPORT, NY US",NYP,2024-01-27,5.37,,0,0,0,43,48,41,20,20,12.1,13,1,1,,,,,,
USW00094789,"JFK INTERNATIONAL AIRPORT, NY US",NYP,2024-01-28,13.65,,0.92,0,0,40,41,37,70,60,23.9,31.1,1,,,,,,,
USW00094789,"JFK INTERNATIONAL AIRPORT, NY US",NYP,2024-01-29,15.88,,0.03,0,0,37,40,35,330,330,25.1,34,1,,,,,,,
USW00094789,"JFK INTERNATIONAL AIRPORT, NY US",NYP,2024-01-30,7.83,,0,0,0,36,38,34,360,360,18.1,23,,,,,,,,
USW00094789,"JFK INTERNATIONAL AIRPORT, NY US",NYP,2024-01-31,7.16,,0,0,0,36,39,34,130,120,13,19,1,,,,,,,
USW00094789,"JFK INTERNATIONAL AIRPORT, NY US",NYP,2024-02-01,7.38,,0,0,0,38,44,32,230,270,13,16.1,,,,,,,,
USW00094789,"JFK INTERNATIONAL AIRPORT, NY US",NYP,2024-02-02,8.5,,0.19,0,0,41,42,37,10,10,19.9,27.1,1,,,,,,,
USW00094789,"JFK INTERNATIONAL AIRPORT, NY US",NYP,2024-02-03,14.09,,0,0,0,37,43,32,360,350,23,32,,,,,,,,
USW00094789,"JFK INTERNATIONAL AIRPORT, NY US",NYP,2024-02-04,10.74,,0,0,0,37,46,30,340,320,19.9,25.1,,,,,,,,
USW00094789,"JFK INTERNATIONAL AIRPORT, NY US",NYP,2024-02-05,12.75,,0,0,0,37,45,30,360,350,21.9,29.1,,,,,,,,
USW00094789,"JFK INTERNATIONAL AIRPORT, NY US",NYP,2024-02-06,10.51,,0,0,0,34,42,27,20,20,18.1,23.9,,,,,,,,
USW00094789,"JFK INTERNATIONAL AIRPORT, NY US",NYP,2024-02-07,6.93,,0,0,0,37,48,29,350,30,16.1,25.1,,,,,,,,
USW00094789,"JFK INTERNATIONAL AIRPORT, NY US",NYP,2024-02-08,5.82,,0,0,0,40,48,32,180,170,13,18.1,,,,,,,,
USW00094789,"JFK INTERNATIONAL AIRPORT, NY US",NYP,2024-02-09,9.84,,0,0,0,43,49,38,170,170,21,28,,,,,,,,
USW00094789,"JFK INTERNATIONAL AIRPORT, NY US",NYP,2024-02-10,6.71,,0,0,0,44,55,36,220,230,14.1,17,,,,,,,,
USW00094789,"JFK INTERNATIONAL AIRPORT, NY US",NYP,2024-02-11,9.62,,0,0,0,48,51,43,330,350,21,27.1,,,,,,,,
USW00094789,"JFK INTERNATIONAL AIRPORT, NY US",NYP,2024-02-12,6.71,,0,0,0,42,46,36,40,40,13,16.1,,,,,,,,
USW00094789,"JFK INTERNATIONAL AIRPORT, NY US",NYP,2024-02-13,14.54,,0.65,4.2,0,36,39,32,330,320,23,34,1,,,1,,,,
USW00094789,"JFK INTERNATIONAL AIRPORT, NY US",NYP,2024-02-14,23.26,,0,0,2,34,38,28,310,320,32,42.1,,,,,,,,
USW00094789,"JFK INTERNATIONAL AIRPORT, NY US",NYP,2024-02-15,12.53,,0,0,1.2,31,36,26,200,300,25.1,32,,,,,,,,
USW00094789,"JFK INTERNATIONAL AIRPORT, NY US",NYP,2024-02-16,15.21,,0,0,0,38,43,34,300,290,32,46.1,,,,,,,,
USW00094789,"JFK INTERNATIONAL AIRPORT, NY US",NYP,2024-02-17,11.41,,0.33,6.2,5.9,33,36,26,310,300,28,33.1,1,,,,,,,
USW00094789,"JFK INTERNATIONAL AIRPORT, NY US",NYP,2024-02-18,17.45,,0,0,3.1,30,40,25,240,240,30,36.9,,,,,,,,
USW00094789,"JFK INTERNATIONAL AIRPORT, NY US",NYP,2024-02-19,10.74,,0,0,1.2,36,41,29,340,310,23,32,,,,,,,,
USW00094789,"JFK INTERNATIONAL AIRPORT, NY US",NYP,2024-02-20,7.61,,0,0,0,31,36,25,30,30,14.1,21,,,,,,,,
USW00094789,"JFK INTERNATIONAL AIRPORT, NY US",NYP,2024-02-21,7.61,,0,0,0,32,39,24,90,90,15,19.9,,,,,,,,
USW00094789,"JFK INTERNATIONAL AIRPORT, NY US",NYP,2024-02-22,8.5,,0.05,0,0,37,41,33,170,170,18.1,25.9,1,,,,,,,
USW00094789,"JFK INTERNATIONAL AIRPORT, NY US",NYP,2024-02-23,7.38,,0.05,0,0,43,48,40,350,360,15,19.9,1,,,,,,1,
USW00094789,"JFK INTERNATIONAL AIRPORT, NY US",NYP,2024-02-24,14.09,,0,0,0,42,45,28,330,320,23,32,,,,,,,,
USW00094789,"JFK INTERNATIONAL AIRPORT, NY US",NYP,2024-02-25,10.51,,0,0,0,30,36,21,200,210,19.9,23.9,,,,,,,,
USW00094789,"JFK INTERNATIONAL AIRPORT, NY US",NYP,2024-02-26,8.72,,0,0,0,38,48,32,210,200,19.9,23.9,,,,,,,,
USW00094789,"JFK INTERNATIONAL AIRPORT, NY US",NYP,2024-02-27,12.53,,0.33,0,0,43,52,34,190,190,28,36.9,1,1,,,,,,
USW00094789,"JFK INTERNATIONAL AIRPORT, NY US",NYP,2024-02-28,21.92,,0.08,0,0,48,56,44,290,300,40.9,57.9,1,,,,,,,
USW00094789,"JFK INTERNATIONAL AIRPORT, NY US",NYP,2024-02-29,19.01,,0,0,0,39,44,31,310,320,38.9,53,,,,,,,,
USW00094789,"JFK INTERNATIONAL AIRPORT, NY US",NYP,2024-03-01,10.51,,0,0,0,35,41,28,180,190,21.9,28,,,,,,,,
USW00094789,"JFK INTERNATIONAL AIRPORT, NY US",NYP,2024-03-02,11.18,,1.45,0,0,44,53,41,100,110,28,40,1,1,,,,,,
USW00094789,"JFK INTERNATIONAL AIRPORT, NY US",NYP,2024-03-03,10.29,,0,0,0,53,68,47,330,320,17,23,1,1,,,,,,
USW00094789,"JFK INTERNATIONAL AIRPORT, NY US",NYP,2024-03-04,10.51,,0,0,0,50,55,42,100,100,19.9,28,1,,,,,,,
USW00094789,"JFK INTERNATIONAL AIRPORT, NY US",NYP,2024-03-05,10.96,,0.42,0,0,44,48,42,50,50,18.1,23.9,1,1,,,,,,
USW00094789,"JFK INTERNATIONAL AIRPORT, NY US",NYP,2024-03-06,7.16,,1.88,0,0,46,51,45,40,50,17,21,1,1,,,,,,
USW00094789,"JFK INTERNATIONAL AIRPORT, NY US",NYP,2024-03-07,15.88,,0.15,0,0,50,55,44,360,360,25.1,38,1,1,,,,,,
USW00094789,"JFK INTERNATIONAL AIRPORT, NY US",NYP,2024-03-08,10.51,,0,0,0,45,66,39,30,20,19.9,25.1,,,,,,,,
USW00094789,"JFK INTERNATIONAL AIRPORT, NY US",NYP,2024-03-09,17.22,,1.7,0,0,42,49,40,120,120,33.1,50.1,1,,,,,,,
USW00094789,"JFK INTERNATIONAL AIRPORT, NY US",NYP,2024-03-10,19.46,,0.03,0,0,46,53,37,300,290,36,48.1,1,,,,,,,
USW00094789,"JFK INTERNATIONAL AIRPORT, NY US",NYP,2024-03-11,26.62,,0,0,0,43,53,35,320,310,38.9,55,,,,,,,,
USW00094789,"JFK INTERNATIONAL AIRPORT, NY US",NYP,2024-03-12,13.42,,0,0,0,52,67,41,290,290,23.9,33.1,,,,,,,,
USW00094789,"JFK INTERNATIONAL AIRPORT, NY US",NYP,2024-03-13,6.04,,0,0,0,51,57,41,130,160,17,21,,,,,,,,
USW00094789,"JFK INTERNATIONAL AIRPORT, NY US",NYP,2024-03-14,6.04,,0,0,0,50,66,41,170,180,13,17,,,,,,,,
USW00094789,"JFK INTERNATIONAL AIRPORT, NY US",NYP,2024-03-15,11.18,,0,0,0,58,72,49,320,320,25.9,33.1,,,,,,,,
USW00094789,"JFK INTERNATIONAL AIRPORT, NY US",NYP,2024-03-16,11.18,,0,0,0,51,55,43,180,180,21.9,28,,,,,,,,
USW00094789,"JFK INTERNATIONAL AIRPORT, NY US",NYP,2024-03-17,13.65,,0,0,0,53,63,47,280,280,28,36.9,,,,,,,,
USW00094789,"JFK INTERNATIONAL AIRPORT, NY US",NYP,2024-03-18,14.76,,0,0,0,49,53,38,320,310,25.9,35.1,,,,,,,,
USW00094789,"JFK INTERNATIONAL AIRPORT, NY US",NYP,2024-03-19,16.33,,0,0,0,41,48,35,300,270,30,36.9,,,,,,,,
USW00094789,"JFK INTERNATIONAL AIRPORT, NY US",NYP,2024-03-20,14.76,,0.03,0,0,45,53,34,330,300,33.1,42.9,,,,,,,,
USW00094789,"JFK INTERNATIONAL AIRPORT, NY US",NYP,2024-03-21,19.24,,0,0,0,37,44,30,320,320,32,42.9,,,,,,,,
USW00094789,"JFK INTERNATIONAL AIRPORT, NY US",NYP,2024-03-22,9.62,,0,0,0,34,41,28,330,320,21.9,27.1,,,,,,,,
USW00094789,"JFK INTERNATIONAL AIRPORT, NY US",NYP,2024-03-23,16.78,,3.13,0,0,45,52,35,340,340,38,55,1,,,,,,,
USW00094789,"JFK INTERNATIONAL AIRPORT, NY US",NYP,2024-03-24,15.88,,0,0,0,38,46,31,350,340,32,40.9,,,,,,,,
USW00094789,"JFK INTERNATIONAL AIRPORT, NY US",NYP,2024-03-25,12.75,,0,0,0,41,52,34,50,40,23.9,31.1,,,,,,,,
USW00094789,"JFK INTERNATIONAL AIRPORT, NY US",NYP,2024-03-26,10.07,,0,0,0,43,49,38,50,40,21,28,,,,,,,,
USW00094789,"JFK INTERNATIONAL AIRPORT, NY US",NYP,2024-03-27,5.37,,0.11,0,0,44,50,40,120,110,16.1,19,1,,,,,,,
USW00094789,"JFK INTERNATIONAL AIRPORT, NY US",NYP,2024-03-28,10.29,,0.96,0,0,47,49,44,340,340,21,28,1,,,,,,,
USW00094789,"JFK INTERNATIONAL AIRPORT, NY US",NYP,2024-03-29,19.91,,0,0,0,47,57,42,310,290,33.1,45,,,,,,,,
USW00094789,"JFK INTERNATIONAL AIRPORT, NY US",NYP,2024-03-30,16.55,,0.02,0,0,48,61,41,300,290,25.1,38,1,,,,,,,
USW00094789,"JFK INTERNATIONAL AIRPORT, NY US",NYP,2024-03-31,10.74,,0,0,0,54,62,45,260,320,21,30,,,,,,,,
USW00094789,"JFK INTERNATIONAL AIRPORT, NY US",NYP,2024-04-01,,,0.01,0,0,51,53,44,,,,,,,,,,,,
USW00094789,"JFK INTERNATIONAL AIRPORT, NY US",NYP,2024-04-02,,,1.02,0,0,46,48,42,,,,,,,,,,,,
USW00094789,"JFK INTERNATIONAL AIRPORT, NY US",NYP,2024-04-03,,,1.22,0,0,43,45,41,,,,,,,,,,,,
USW00094789,"JFK INTERNATIONAL AIRPORT, NY US",NYP,2024-04-04,,,0.21,0,0,43,52,37,,,,,,,,,,,,
USW00094789,"JFK INTERNATIONAL AIRPORT, NY US",NYP,2024-04-05,,,0,0,0,44,50,38,,,,,,,,,,,,
USW00094789,"JFK INTERNATIONAL AIRPORT, NY US",NYP,2024-04-06,,,0,0,0,46,55,42,,,,,,,,,,,,
USW00094789,"JFK INTERNATIONAL AIRPORT, NY US",NYP,2024-04-07,,,0,0,0,48,58,41,,,,,,,,,,,,
USW00094789,"JFK INTERNATIONAL AIRPORT, NY US",NYP,2024-04-08,,,0,0,0,49,63,40,,,,,,,,,,,,
USW00094789,"JFK INTERNATIONAL AIRPORT, NY US",NYP,2024-04-09,,,0,0,0,56,69,45,,,,,,,,,,,,
USW00094789,"JFK INTERNATIONAL AIRPORT, NY US",NYP,2024-04-10,,,0,0,0,54,69,50,,,,,,,,,,,,
USW00094789,"JFK INTERNATIONAL AIRPORT, NY US",NYP,2024-04-11,,,0.05,0,0,53,59,50,,,,,,,,,,,,
USW00094789,"JFK INTERNATIONAL AIRPORT, NY US",NYP,2024-04-12,,,0.2,0,0,56,63,53,,,,,,,,,,,,
USW00094789,"JFK INTERNATIONAL AIRPORT, NY US",NYP,2024-04-13,,,0,0,0,53,55,47,,,,,,,,,,,,
USW00094789,"JFK INTERNATIONAL AIRPORT, NY US",NYP,2024-04-14,,,0.01,0,0,54,65,43,,,,,,,,,,,,
USW00094789,"JFK INTERNATIONAL AIRPORT, NY US",NYP,2024-04-15,,,0,0,0,62,77,52,,,,,,,,,,,,
USW00094789,"JFK INTERNATIONAL AIRPORT, NY US",NYP,2024-04-16,,,0,0,0,61,72,50,,,,,,,,,,,,
USW00094789,"JFK INTERNATIONAL AIRPORT, NY US",NYP,2024-04-17,,,0.06,0,0,53,57,46,,,,,,,,,,,,
USW00094789,"JFK INTERNATIONAL AIRPORT, NY US",NYP,2024-04-18,,,0.12,0,0,48,49,45,,,,,,,,,,,,
USW00094789,"JFK INTERNATIONAL AIRPORT, NY US",NYP,2024-04-19,,,0,0,0,48,55,44,,,,,,,,,,,,
USW00094789,"JFK INTERNATIONAL AIRPORT, NY US",NYP,2024-04-20,,,0.17,0,0,53,67,47,,,,,,,,,,,,
USW00094789,"JFK INTERNATIONAL AIRPORT, NY US",NYP,2024-04-21,,,0,0,0,49,53,41,,,,,,,,,,,,
USW00094789,"JFK INTERNATIONAL AIRPORT, NY US",NYP,2024-04-22,,,0,0,0,51,62,42,,,,,,,,,,,,
USW00094789,"JFK INTERNATIONAL AIRPORT, NY US",NYP,2024-04-23,,,0,0,0,50,57,41,,,,,,,,,,,,
USW00094789,"JFK INTERNATIONAL AIRPORT, NY US",NYP,2024-04-24,,,0.02,0,0,55,68,49,,,,,,,,,,,,
USW00094789,"JFK INTERNATIONAL AIRPORT, NY US",NYP,2024-04-25,,,0,0,0,50,53,42,,,,,,,,,,,,
USW00094789,"JFK INTERNATIONAL AIRPORT, NY US",NYP,2024-04-26,,,0,0,0,47,55,37,,,,,,,,,,,,
USW00094789,"JFK INTERNATIONAL AIRPORT, NY US",NYP,2024-04-27,,,0,0,0,49,56,42,,,,,,,,,,,,
USW00094789,"JFK INTERNATIONAL AIRPORT, NY US",NYP,2024-04-28,,,0.03,0,0,56,68,50,,,,,,,,,,,,
USW00094789,"JFK INTERNATIONAL AIRPORT, NY US",NYP,2024-04-29,,,0,0,0,67,82,58,,,,,,,,,,,,
USW00094789,"JFK INTERNATIONAL AIRPORT, NY US",NYP,2024-04-30,9.84,,0,0,0,60,67,52,20,10,17,21,1,,,,,,,
USW00094789,"JFK INTERNATIONAL AIRPORT, NY US",NYP,2024-05-01,8.28,,0,0,0,58,71,51,150,160,17,21,1,,,,,,,
USW00094789,"JFK INTERNATIONAL AIRPORT, NY US",NYP,2024-05-02,8.72,,0,0,0,56,66,50,60,50,17,23.9,1,,,,,,1,
USW00094789,"JFK INTERNATIONAL AIRPORT, NY US",NYP,2024-05-03,8.28,,0,0,0,58,63,49,130,120,18.1,23,,,,,,,,
USW00094789,"JFK INTERNATIONAL AIRPORT, NY US",NYP,2024-05-04,9.62,,0,0,0,53,61,48,130,130,18.1,23,,,,,,,,
USW00094789,"JFK INTERNATIONAL AIRPORT, NY US",NYP,2024-05-05,10.29,,0.22,0,0,51,54,49,110,120,18.1,23.9,1,,,,,,,
USW00094789,"JFK INTERNATIONAL AIRPORT, NY US",NYP,2024-05-06,5.82,,0.05,0,0,59,71,54,190,210,12.1,14.1,1,1,,,,,,
USW00094789,"JFK INTERNATIONAL AIRPORT, NY US",NYP,2024-05-07,8.72,,0,0,0,65,77,57,180,10,16.1,21,1,,,,,,,
USW00094789,"JFK INTERNATIONAL AIRPORT, NY US",NYP,2024-05-08,11.18,,0.06,0,0,65,80,58,350,340,25.1,34,1,,1,,,,,
USW00094789,"JFK INTERNATIONAL AIRPORT, NY US",NYP,2024-05-09,10.51,,0,0,0,68,71,54,110,100,19.9,25.9,,,,,,,,
USW00094789,"JFK INTERNATIONAL AIRPORT, NY US",NYP,2024-05-10,10.29,,0.29,0,0,53,55,49,100,100,21,31.1,1,,,,,,,
USW00094789,"JFK INTERNATIONAL AIRPORT, NY US",NYP,2024-05-11,11.18,,0,0,0,52,60,47,150,130,16.1,21.9,,,,,,,,
USW00094789,"JFK INTERNATIONAL AIRPORT, NY US",NYP,2024-05-12,8.95,,0.05,0,0,51,55,49,250,240,14.1,19,,,,,,,,
USW00094789,"JFK INTERNATIONAL AIRPORT, NY US",NYP,2024-05-13,10.74,,0,0,0,54,64,48,220,220,17,23,,,,,,,,
USW00094789,"JFK INTERNATIONAL AIRPORT, NY US",NYP,2024-05-14,9.62,,0.01,0,0,59,67,53,190,190,18.1,25.9,,,,,,,,
USW00094789,"JFK INTERNATIONAL AIRPORT, NY US",NYP,2024-05-15,11.41,,0.26,0,0,60,66,58,30,30,25.9,38.9,1,,,,,,,
USW00094789,"JFK INTERNATIONAL AIRPORT, NY US",NYP,2024-05-16,19.46,,0.07,0,0,62,68,59,40,30,32,42.1,1,,,,,,,
USW00094789,"JFK INTERNATIONAL AIRPORT, NY US",NYP,2024-05-17,9.62,,0,0,0,65,73,58,50,60,21.9,27.1,1,,,,,,,
USW00094789,"JFK INTERNATIONAL AIRPORT, NY US",NYP,2024-05-18,6.04,,0.03,0,0,63,71,59,50,40,14.1,18.1,,,,,,,,
USW00094789,"JFK INTERNATIONAL AIRPORT, NY US",NYP,2024-05-19,9.17,,0,0,0,63,74,53,20,50,19.9,27.1,,,,,,,,
USW00094789,"JFK INTERNATIONAL AIRPORT, NY US",NYP,2024-05-20,6.71,,0,0,0,60,68,53,180,180,13,17,,,,,,,,
USW00094789,"JFK INTERNATIONAL AIRPORT, NY US",NYP,2024-05-21,7.38,,0,0,0,63,72,56,190,190,18.1,23.9,1,,,,,,,
USW00094789,"JFK INTERNATIONAL AIRPORT, NY US",NYP,2024-05-22,11.18,,0,0,0,67,76,60,180,170,25.9,36,,,,,,,,
USW00094789,"JFK INTERNATIONAL AIRPORT, NY US",NYP,2024-05-23,7.38,,0.55,0,0,68,79,62,260,260,21,27.1,1,,1,,,,,
USW00094789,"JFK INTERNATIONAL AIRPORT, NY US",NYP,2024-05-24,8.5,,0,0,0,73,85,59,190,190,18.1,23.9,,,,,,,,
USW00094789,"JFK INTERNATIONAL AIRPORT, NY US",NYP,2024-05-25,6.71,,0,0,0,69,77,60,120,120,13,17,1,,,,,,,
USW00094789,"JFK INTERNATIONAL AIRPORT, NY US",NYP,2024-05-26,7.16,,0,0,0,67,76,63,150,150,14.1,19,1,1,,,,,,
USW00094789,"JFK INTERNATIONAL AIRPORT, NY US",NYP,2024-05-27,12.08,,0.58,0,0,68,76,65,160,160,31.1,46.1,1,1,1,,,,,
USW00094789,"JFK INTERNATIONAL AIRPORT, NY US",NYP,2024-05-28,12.3,,0,0,0,72,82,63,330,330,28,35.1,1,1,,,,,,
USW00094789,"JFK INTERNATIONAL AIRPORT, NY US",NYP,2024-05-29,10.29,,0.31,0,0,70,76,62,300,300,23.9,32,1,,1,,,,,
USW00094789,"JFK INTERNATIONAL AIRPORT, NY US",NYP,2024-05-30,10.96,,0.14,0,0,65,73,58,330,330,21.9,31.1,1,,,,,,,
USW00094789,"JFK INTERNATIONAL AIRPORT, NY US",NYP,2024-05-31,12.08,,0,0,0,68,78,60,320,310,21,32,,,,,,,,
USW00094789,"JFK INTERNATIONAL AIRPORT, NY US",NYP,2024-06-01,10.51,,0,0,0,72,82,62,210,210,19.9,25.1,,,,,,,,
USW00094789,"JFK INTERNATIONAL AIRPORT, NY US",NYP,2024-06-02,8.72,,0,0,0,71,79,62,190,180,18.1,23,,,,,,,,
USW00094789,"JFK INTERNATIONAL AIRPORT, NY US",NYP,2024-06-03,6.04,,0.02,0,0,74,84,66,190,220,14.1,18.1,,,,,,,,
USW00094789,"JFK INTERNATIONAL AIRPORT, NY US",NYP,2024-06-04,6.93,,0,0,0,70,78,64,140,140,15,17,1,1,,,,,1,
USW00094789,"JFK INTERNATIONAL AIRPORT, NY US",NYP,2024-06-05,8.5,,0.04,0,0,70,78,63,170,180,16.1,23.9,1,,,,,,,
USW00094789,"JFK INTERNATIONAL AIRPORT, NY US",NYP,2024-06-06,8.72,,0.58,0,0,74,84,69,330,320,25.1,36.9,1,,,,,,,
USW00094789,"JFK INTERNATIONAL AIRPORT, NY US",NYP,2024-06-07,9.62,,0,0,0,76,83,67,340,320,29.1,40.9,,,,,,,,
USW00094789,"JFK INTERNATIONAL AIRPORT, NY US",NYP,2024-06-08,13.87,,0,0,0,73,81,65,270,280,23,32,,,,,,,,
USW00094789,"JFK INTERNATIONAL AIRPORT, NY US",NYP,2024-06-09,12.97,,0,0,0,71,78,65,350,350,25.9,33.1,,,,,,,,
USW00094789,"JFK INTERNATIONAL AIRPORT, NY US",NYP,2024-06-10,12.53,,0,0,0,70,77,63,240,330,21,29.1,,,,,,,,
USW00094789,"JFK INTERNATIONAL AIRPORT, NY US",NYP,2024-06-11,8.28,,0,0,0,67,72,60,360,360,14.1,17,,,,,,,,
USW00094789,"JFK INTERNATIONAL AIRPORT, NY US",NYP,2024-06-12,9.62,,0,0,0,68,74,62,210,210,16.1,16.1,,,,,,,,
USW00094789,"JFK INTERNATIONAL AIRPORT, NY US",NYP,2024-06-13,10.07,,0,0,0,70,78,63,190,190,21,28,,,,,,,,
USW00094789,"JFK INTERNATIONAL AIRPORT, NY US",NYP,2024-06-14,8.28,,0.85,0,0,72,78,66,340,330,38,49,1,,1,,,,,
USW00094789,"JFK INTERNATIONAL AIRPORT, NY US",NYP,2024-06-15,10.74,,0,0,0,73,83,65,360,360,23,31.1,,,,,,,,
USW00094789,"JFK INTERNATIONAL AIRPORT, NY US",NYP,2024-06-16,9.4,,0,0,0,70,80,63,150,160,16.1,21,,,,,,,,
USW00094789,"JFK INTERNATIONAL AIRPORT, NY US",NYP,2024-06-17,12.97,,0,0,0,71,80,64,180,180,29.1,40,,,,,,,,
USW00094789,"JFK INTERNATIONAL AIRPORT, NY US",NYP,2024-06-18,13.2,,0,0,0,74,80,69,190,180,23.9,33.1,,,,,,,,
USW00094789,"JFK INTERNATIONAL AIRPORT, NY US",NYP,2024-06-19,11.86,,0,0,0,74,82,67,180,180,23,31.1,,,,,,,,
USW00094789,"JFK INTERNATIONAL AIRPORT, NY US",NYP,2024-06-20,10.96,,0,0,0,75,84,68,190,190,23,30,,,,,,,,
USW00094789,"JFK INTERNATIONAL AIRPORT, NY US",NYP,2024-06-21,11.18,,0,0,0,78,91,68,190,190,23.9,31.1,,,,,,,,
USW00094789,"JFK INTERNATIONAL AIRPORT, NY US",NYP,2024-06-22,6.71,,0.04,0,0,78,87,72,220,230,21,27.1,,,1,,,,,
USW00094789,"JFK INTERNATIONAL AIRPORT, NY US",NYP,2024-06-23,12.53,,0,0,0,76,85,70,200,200,28,36.9,,,1,,,,,
USW00094789,"JFK INTERNATIONAL AIRPORT, NY US",NYP,2024-06-24,18.57,,0,0,0,77,85,69,350,350,35.1,50.1,,,,,,,,
USW00094789,"JFK INTERNATIONAL AIRPORT, NY US",NYP,2024-06-25,13.87,,0,0,0,79,91,71,250,320,21.9,31.1,,,,,,,,
USW00094789,"JFK INTERNATIONAL AIRPORT, NY US",NYP,2024-06-26,11.86,,0.26,0,0,75,84,68,340,340,29.1,42.1,1,,1,,,,,
USW00094789,"JFK INTERNATIONAL AIRPORT, NY US",NYP,2024-06-27,12.08,,0.57,0,0,76,87,70,350,360,23,34,1,,1,,,,,
USW00094789,"JFK INTERNATIONAL AIRPORT, NY US",NYP,2024-06-28,9.4,,0,0,0,71,80,63,160,170,17,21.9,,,,,,,,
USW00094789,"JFK INTERNATIONAL AIRPORT, NY US",NYP,2024-06-29,13.65,,0.02,0,0,71,80,64,160,180,25.1,33.1,1,1,,,,,,
USW00094789,"JFK INTERNATIONAL AIRPORT, NY US",NYP,2024-06-30,10.07,,0.57,0,0,73,83,70,190,190,23.9,31.1,1,,1,,,,1,